,Filename,TTR,WordCount,UniqueWords,MLU,Fillers,NSNouns,LIVerbs,.,CC,CD,DT,IN,JJ,NN,NNS,PDT,POS,PRP,RB,RP,TO,VB,VBD,VBG,VBN,VBP,VBZ,WP,",",EX,PRP$,UH,JJR,MD,WDT,WRB,RBR,NNP,JJS,'',$
0,051-0.flo.cex,0.59375,96.0,57.0,7.857142857142857,1.0,1.0,4.0,14.0,6.0,2.0,14.0,10.0,3.0,17.0,1.0,1.0,1.0,7.0,5.0,2.0,3.0,5.0,1.0,5.0,1.0,2.0,9.0,1.0,0.0,0.0,0.0,0.0,0.0,0.0,0.0,0.0,0.0,0.0,0.0,0.0,0.0
1,607-0.flo.cex,0.5405405405405406,111.0,60.0,8.533333333333333,0.0,1.0,2.0,15.0,5.0,0.0,18.0,8.0,8.0,22.0,3.0,0.0,3.0,8.0,5.0,3.0,3.0,4.0,3.0,4.0,0.0,3.0,8.0,1.0,1.0,1.0,1.0,1.0,0.0,0.0,0.0,0.0,0.0,0.0,0.0,0.0,0.0
2,474-0.flo.cex,0.8085106382978723,47.0,38.0,7.857142857142857,2.0,0.0,2.0,7.0,1.0,0.0,7.0,4.0,0.0,11.0,2.0,0.0,3.0,2.0,4.0,0.0,0.0,2.0,0.0,3.0,1.0,1.0,3.0,0.0,1.0,0.0,1.0,0.0,1.0,1.0,0.0,0.0,0.0,0.0,0.0,0.0,0.0
3,511-0.flo.cex,0.6379310344827587,58.0,37.0,6.2727272727272725,3.0,0.0,4.0,11.0,4.0,0.0,9.0,1.0,1.0,5.0,1.0,0.0,1.0,9.0,5.0,2.0,2.0,4.0,0.0,2.0,0.0,4.0,6.0,1.0,0.0,0.0,0.0,0.0,0.0,1.0,0.0,0.0,0.0,0.0,0.0,0.0,0.0
4,030-1.flo.cex,0.5159574468085106,188.0,97.0,16.666666666666668,0.0,0.0,4.0,12.0,15.0,3.0,26.0,23.0,4.0,30.0,4.0,1.0,0.0,13.0,4.0,3.0,4.0,6.0,1.0,10.0,3.0,5.0,19.0,1.0,0.0,3.0,3.0,0.0,1.0,2.0,4.0,0.0,0.0,0.0,0.0,0.0,0.0
5,087-1.flo.cex,0.7105263157894737,76.0,54.0,8.0,2.0,1.0,8.0,11.0,0.0,0.0,6.0,8.0,1.0,11.0,2.0,0.0,0.0,11.0,11.0,2.0,1.0,5.0,1.0,1.0,2.0,5.0,6.0,2.0,0.0,0.0,1.0,0.0,0.0,1.0,0.0,0.0,0.0,0.0,0.0,0.0,0.0
6,033-1.flo.cex,0.603448275862069,58.0,35.0,5.461538461538462,0.0,0.0,2.0,13.0,2.0,0.0,8.0,7.0,0.0,13.0,5.0,0.0,3.0,3.0,5.0,0.0,0.0,1.0,0.0,7.0,0.0,1.0,2.0,0.0,0.0,0.0,0.0,1.0,0.0,0.0,0.0,0.0,0.0,0.0,0.0,0.0,0.0
7,007-1.flo.cex,0.4375,112.0,49.0,10.333333333333334,1.0,0.0,1.0,12.0,14.0,0.0,21.0,12.0,1.0,20.0,4.0,0.0,3.0,7.0,4.0,1.0,1.0,2.0,0.0,4.0,0.0,3.0,8.0,0.0,0.0,5.0,0.0,0.0,0.0,1.0,1.0,0.0,0.0,0.0,0.0,0.0,0.0
8,476-0.flo.cex,0.6259541984732825,131.0,82.0,7.894736842105263,1.0,0.0,3.0,19.0,2.0,1.0,14.0,12.0,6.0,19.0,6.0,0.0,1.0,16.0,9.0,1.0,1.0,2.0,3.0,8.0,1.0,5.0,15.0,1.0,0.0,0.0,4.0,1.0,0.0,1.0,0.0,2.0,0.0,0.0,0.0,0.0,0.0
9,334-0.flo.cex,0.4418604651162791,215.0,95.0,7.967741935483871,0.0,1.0,3.0,31.0,5.0,0.0,29.0,16.0,7.0,55.0,5.0,0.0,11.0,19.0,4.0,3.0,4.0,4.0,5.0,12.0,0.0,4.0,18.0,1.0,1.0,5.0,6.0,0.0,1.0,1.0,0.0,0.0,0.0,0.0,0.0,0.0,0.0
10,651-0.flo.cex,0.7777777777777778,27.0,21.0,6.4,1.0,0.0,0.0,5.0,3.0,0.0,3.0,2.0,0.0,5.0,1.0,0.0,2.0,2.0,3.0,0.0,0.0,2.0,0.0,2.0,0.0,0.0,2.0,0.0,0.0,0.0,0.0,0.0,0.0,0.0,0.0,0.0,0.0,0.0,0.0,0.0,0.0
11,144-1.flo.cex,0.6338028169014085,142.0,90.0,12.833333333333334,3.0,1.0,7.0,12.0,8.0,1.0,16.0,12.0,11.0,15.0,7.0,0.0,0.0,11.0,14.0,1.0,4.0,8.0,5.0,5.0,1.0,3.0,10.0,0.0,0.0,1.0,4.0,0.0,1.0,1.0,2.0,1.0,0.0,0.0,0.0,0.0,0.0
12,539-0.flo.cex,0.425,160.0,68.0,8.619047619047619,5.0,0.0,4.0,21.0,13.0,0.0,17.0,15.0,4.0,20.0,2.0,0.0,2.0,20.0,13.0,5.0,3.0,5.0,1.0,10.0,0.0,5.0,14.0,3.0,0.0,2.0,3.0,1.0,0.0,1.0,0.0,1.0,0.0,0.0,0.0,0.0,0.0
13,203-1.flo.cex,0.6481481481481481,54.0,35.0,6.5,0.0,0.0,2.0,10.0,4.0,2.0,8.0,2.0,0.0,9.0,4.0,0.0,1.0,4.0,1.0,1.0,0.0,2.0,1.0,3.0,1.0,1.0,7.0,1.0,1.0,1.0,0.0,0.0,0.0,0.0,1.0,0.0,0.0,0.0,0.0,0.0,0.0
14,381-1.flo.cex,0.6486486486486487,74.0,48.0,10.25,1.0,0.0,0.0,8.0,5.0,0.0,11.0,11.0,0.0,15.0,2.0,0.0,1.0,4.0,6.0,0.0,1.0,2.0,1.0,5.0,0.0,0.0,6.0,0.0,0.0,1.0,3.0,0.0,0.0,0.0,0.0,0.0,0.0,0.0,0.0,0.0,0.0
15,046-2.flo.cex,0.6538461538461539,52.0,34.0,4.714285714285714,0.0,0.0,3.0,14.0,3.0,0.0,7.0,2.0,1.0,10.0,5.0,0.0,0.0,3.0,4.0,1.0,1.0,1.0,2.0,4.0,1.0,1.0,5.0,0.0,0.0,0.0,1.0,0.0,0.0,0.0,0.0,0.0,0.0,0.0,0.0,0.0,0.0
16,066-0.flo.cex,0.5403225806451613,124.0,67.0,11.416666666666666,1.0,0.0,1.0,12.0,5.0,0.0,20.0,11.0,1.0,18.0,2.0,0.0,4.0,13.0,12.0,3.0,3.0,6.0,0.0,6.0,1.0,3.0,10.0,2.0,0.0,1.0,0.0,0.0,0.0,3.0,0.0,0.0,1.0,0.0,0.0,0.0,0.0
17,057-1.flo.cex,0.5882352941176471,102.0,60.0,7.8,0.0,0.0,3.0,15.0,9.0,0.0,15.0,8.0,5.0,13.0,5.0,0.0,3.0,9.0,4.0,2.0,1.0,5.0,1.0,9.0,0.0,4.0,7.0,0.0,0.0,0.0,1.0,0.0,0.0,1.0,0.0,0.0,0.0,0.0,0.0,0.0,0.0
18,493-0.flo.cex,0.5454545454545454,154.0,84.0,8.7,1.0,2.0,7.0,20.0,9.0,1.0,18.0,18.0,2.0,20.0,11.0,0.0,0.0,18.0,12.0,1.0,0.0,9.0,5.0,3.0,4.0,9.0,8.0,0.0,0.0,1.0,1.0,0.0,0.0,2.0,0.0,2.0,0.0,0.0,0.0,0.0,0.0
19,471-0.flo.cex,0.7586206896551724,29.0,22.0,6.8,1.0,0.0,0.0,5.0,1.0,0.0,4.0,3.0,0.0,6.0,0.0,0.0,1.0,2.0,1.0,0.0,2.0,1.0,1.0,4.0,0.0,1.0,2.0,0.0,0.0,0.0,0.0,0.0,0.0,0.0,0.0,0.0,0.0,0.0,0.0,0.0,0.0
20,319-0.flo.cex,0.464,125.0,58.0,8.352941176470589,0.0,6.0,8.0,17.0,10.0,0.0,17.0,12.0,9.0,18.0,8.0,0.0,0.0,12.0,15.0,0.0,2.0,4.0,4.0,1.0,0.0,6.0,4.0,0.0,0.0,2.0,1.0,0.0,0.0,0.0,0.0,0.0,0.0,0.0,0.0,0.0,0.0
21,636-0.flo.cex,0.6571428571428571,35.0,23.0,8.0,0.0,0.0,2.0,5.0,3.0,0.0,6.0,2.0,1.0,4.0,2.0,0.0,1.0,4.0,1.0,0.0,0.0,2.0,2.0,2.0,0.0,0.0,3.0,0.0,0.0,0.0,0.0,0.0,0.0,2.0,0.0,0.0,0.0,0.0,0.0,0.0,0.0
22,120-3.flo.cex,0.6050420168067226,119.0,72.0,11.0,1.0,0.0,2.0,12.0,8.0,1.0,18.0,7.0,3.0,17.0,4.0,0.0,2.0,8.0,7.0,0.0,2.0,4.0,0.0,13.0,2.0,3.0,15.0,0.0,0.0,0.0,4.0,0.0,0.0,1.0,1.0,0.0,0.0,0.0,0.0,0.0,0.0
23,334-1.flo.cex,0.5093167701863354,161.0,82.0,12.571428571428571,1.0,1.0,5.0,14.0,14.0,1.0,21.0,16.0,1.0,21.0,6.0,0.0,1.0,16.0,5.0,4.0,4.0,8.0,3.0,13.0,1.0,4.0,17.0,1.0,1.0,1.0,2.0,0.0,0.0,1.0,0.0,0.0,0.0,0.0,0.0,0.0,0.0
24,573-0.flo.cex,0.639344262295082,122.0,78.0,8.625,2.0,2.0,2.0,16.0,10.0,1.0,16.0,7.0,4.0,19.0,3.0,0.0,0.0,12.0,5.0,1.0,3.0,6.0,3.0,9.0,0.0,3.0,10.0,2.0,0.0,2.0,1.0,1.0,0.0,1.0,2.0,0.0,0.0,1.0,0.0,0.0,0.0
25,157-0.flo.cex,0.5948275862068966,116.0,69.0,9.285714285714286,1.0,1.0,2.0,14.0,3.0,1.0,17.0,9.0,6.0,16.0,2.0,0.0,3.0,10.0,13.0,4.0,1.0,3.0,5.0,8.0,1.0,1.0,7.0,0.0,0.0,1.0,2.0,0.0,0.0,1.0,0.0,1.0,0.0,1.0,0.0,0.0,0.0
26,530-0.flo.cex,0.5671641791044776,67.0,38.0,7.181818181818182,1.0,1.0,1.0,11.0,6.0,0.0,12.0,2.0,3.0,17.0,4.0,0.0,2.0,6.0,3.0,1.0,0.0,1.0,6.0,2.0,0.0,1.0,1.0,0.0,1.0,0.0,0.0,0.0,0.0,0.0,0.0,0.0,0.0,0.0,0.0,0.0,0.0
27,016-4.flo.cex,0.5675675675675675,111.0,63.0,10.25,1.0,1.0,1.0,12.0,10.0,0.0,24.0,12.0,2.0,27.0,5.0,1.0,1.0,3.0,3.0,2.0,0.0,1.0,0.0,4.0,0.0,3.0,9.0,1.0,0.0,3.0,0.0,0.0,0.0,0.0,0.0,0.0,0.0,0.0,0.0,0.0,0.0
28,062-0.flo.cex,0.7083333333333334,72.0,51.0,10.0,0.0,1.0,3.0,8.0,3.0,0.0,10.0,6.0,4.0,15.0,0.0,0.0,1.0,7.0,4.0,0.0,2.0,3.0,2.0,4.0,1.0,2.0,5.0,1.0,0.0,0.0,1.0,0.0,0.0,1.0,0.0,0.0,0.0,0.0,0.0,0.0,0.0
29,050-0.flo.cex,0.7285714285714285,70.0,51.0,6.916666666666667,2.0,0.0,2.0,12.0,4.0,0.0,11.0,5.0,1.0,10.0,3.0,0.0,1.0,7.0,6.0,1.0,1.0,3.0,1.0,3.0,1.0,2.0,6.0,2.0,1.0,1.0,0.0,0.0,0.0,1.0,0.0,0.0,0.0,0.0,0.0,0.0,0.0
30,049-0.flo.cex,0.64,100.0,64.0,7.733333333333333,0.0,3.0,0.0,15.0,3.0,1.0,12.0,5.0,0.0,22.0,3.0,0.0,2.0,13.0,6.0,3.0,2.0,2.0,2.0,7.0,0.0,5.0,6.0,0.0,1.0,1.0,2.0,1.0,0.0,1.0,0.0,0.0,0.0,1.0,0.0,0.0,0.0
31,648-0.flo.cex,0.75,60.0,45.0,6.545454545454546,0.0,0.0,3.0,11.0,2.0,0.0,9.0,3.0,0.0,13.0,4.0,0.0,2.0,5.0,6.0,1.0,0.0,2.0,2.0,3.0,1.0,2.0,1.0,1.0,1.0,0.0,2.0,0.0,0.0,1.0,0.0,0.0,0.0,0.0,0.0,0.0,0.0
32,014-2.flo.cex,0.5161290322580645,124.0,64.0,8.75,1.0,4.0,2.0,16.0,6.0,1.0,19.0,10.0,4.0,20.0,4.0,0.0,2.0,10.0,14.0,3.0,1.0,2.0,3.0,8.0,1.0,1.0,11.0,3.0,0.0,0.0,0.0,0.0,0.0,1.0,0.0,0.0,0.0,0.0,0.0,0.0,0.0
33,033-4.flo.cex,0.5777777777777777,135.0,78.0,14.5,0.0,0.0,2.0,10.0,10.0,1.0,23.0,17.0,7.0,29.0,4.0,0.0,0.0,3.0,4.0,1.0,3.0,4.0,0.0,6.0,2.0,2.0,13.0,1.0,0.0,2.0,1.0,0.0,0.0,2.0,0.0,0.0,0.0,0.0,0.0,0.0,0.0
34,598-0.flo.cex,0.75,52.0,39.0,8.428571428571429,1.0,1.0,2.0,7.0,3.0,0.0,5.0,2.0,1.0,8.0,3.0,0.0,1.0,4.0,5.0,1.0,1.0,2.0,0.0,4.0,0.0,3.0,5.0,1.0,0.0,2.0,0.0,0.0,0.0,0.0,0.0,0.0,1.0,0.0,0.0,0.0,0.0
35,024-1.flo.cex,0.627906976744186,86.0,54.0,13.285714285714286,0.0,0.0,1.0,7.0,4.0,0.0,13.0,11.0,3.0,13.0,1.0,0.0,0.0,7.0,4.0,0.0,3.0,3.0,1.0,7.0,1.0,3.0,9.0,0.0,0.0,0.0,2.0,0.0,0.0,0.0,1.0,0.0,0.0,0.0,0.0,0.0,0.0
36,237-2.flo.cex,0.5393258426966292,178.0,96.0,10.944444444444445,1.0,1.0,2.0,18.0,6.0,2.0,26.0,16.0,7.0,31.0,4.0,0.0,0.0,18.0,7.0,2.0,4.0,6.0,1.0,13.0,1.0,5.0,20.0,1.0,1.0,1.0,3.0,0.0,0.0,2.0,2.0,0.0,0.0,0.0,0.0,0.0,0.0
37,676-0.flo.cex,0.660377358490566,53.0,35.0,11.6,0.0,0.0,1.0,5.0,4.0,0.0,7.0,2.0,0.0,7.0,1.0,0.0,1.0,7.0,1.0,3.0,3.0,3.0,0.0,5.0,0.0,3.0,3.0,1.0,0.0,0.0,0.0,0.0,0.0,0.0,2.0,0.0,0.0,0.0,0.0,0.0,0.0
38,029-1.flo.cex,0.4117647058823529,255.0,105.0,11.666666666666666,1.0,0.0,3.0,24.0,18.0,1.0,35.0,16.0,9.0,34.0,9.0,0.0,3.0,28.0,13.0,9.0,8.0,16.0,11.0,14.0,2.0,6.0,17.0,1.0,1.0,1.0,0.0,0.0,1.0,0.0,3.0,0.0,0.0,0.0,0.0,0.0,0.0
39,134-0.flo.cex,0.6237623762376238,101.0,63.0,13.625,1.0,0.0,5.0,8.0,9.0,2.0,14.0,10.0,4.0,14.0,3.0,0.0,0.0,5.0,3.0,2.0,4.0,6.0,1.0,4.0,2.0,1.0,10.0,1.0,0.0,3.0,2.0,0.0,0.0,0.0,1.0,0.0,0.0,0.0,0.0,0.0,0.0
40,120-2.flo.cex,0.6222222222222222,90.0,56.0,9.181818181818182,2.0,0.0,1.0,11.0,5.0,1.0,13.0,8.0,2.0,17.0,2.0,1.0,0.0,3.0,6.0,2.0,2.0,4.0,0.0,9.0,0.0,1.0,8.0,0.0,0.0,1.0,2.0,0.0,1.0,2.0,0.0,0.0,0.0,0.0,0.0,0.0,0.0
41,609-0.flo.cex,0.703125,64.0,45.0,7.4,3.0,0.0,0.0,10.0,3.0,0.0,6.0,5.0,0.0,10.0,2.0,0.0,0.0,7.0,5.0,0.0,1.0,3.0,1.0,8.0,0.0,3.0,6.0,1.0,0.0,0.0,2.0,0.0,0.0,1.0,0.0,0.0,0.0,0.0,0.0,0.0,0.0
42,120-4.flo.cex,0.6161616161616161,99.0,61.0,15.142857142857142,1.0,0.0,1.0,7.0,6.0,0.0,13.0,8.0,5.0,11.0,4.0,0.0,1.0,7.0,11.0,3.0,2.0,2.0,0.0,11.0,0.0,1.0,12.0,0.0,0.0,0.0,1.0,0.0,0.0,0.0,0.0,1.0,0.0,0.0,0.0,0.0,0.0
43,357-0.flo.cex,0.5185185185185185,108.0,56.0,7.8125,0.0,0.0,0.0,16.0,4.0,3.0,22.0,12.0,2.0,26.0,9.0,0.0,1.0,6.0,1.0,3.0,0.0,0.0,0.0,5.0,1.0,2.0,8.0,0.0,1.0,1.0,2.0,0.0,0.0,0.0,0.0,0.0,0.0,0.0,0.0,0.0,0.0
44,458-0.flo.cex,0.6805555555555556,72.0,49.0,7.0,0.0,0.0,4.0,12.0,5.0,0.0,10.0,5.0,0.0,12.0,3.0,0.0,2.0,5.0,2.0,1.0,2.0,4.0,3.0,5.0,0.0,1.0,5.0,1.0,0.0,0.0,2.0,2.0,0.0,1.0,1.0,0.0,0.0,0.0,0.0,0.0,0.0
45,580-0.flo.cex,0.5714285714285714,112.0,64.0,13.777777777777779,2.0,3.0,2.0,9.0,7.0,1.0,11.0,6.0,7.0,17.0,3.0,0.0,0.0,12.0,13.0,2.0,3.0,4.0,2.0,6.0,0.0,3.0,9.0,1.0,3.0,0.0,1.0,0.0,0.0,2.0,2.0,0.0,0.0,0.0,0.0,0.0,0.0
46,172-3.flo.cex,0.5977011494252874,87.0,52.0,12.0,1.0,0.0,0.0,8.0,5.0,0.0,15.0,10.0,3.0,18.0,3.0,0.0,0.0,5.0,2.0,0.0,3.0,0.0,0.0,7.0,0.0,2.0,9.0,1.0,1.0,0.0,3.0,0.0,0.0,0.0,0.0,0.0,0.0,1.0,0.0,0.0,0.0
47,461-0.flo.cex,0.4117647058823529,119.0,49.0,7.2631578947368425,0.0,0.0,1.0,19.0,7.0,0.0,31.0,13.0,1.0,32.0,5.0,1.0,5.0,5.0,0.0,4.0,1.0,3.0,1.0,5.0,0.0,1.0,0.0,0.0,0.0,0.0,0.0,2.0,0.0,2.0,0.0,0.0,0.0,0.0,0.0,0.0,0.0
48,212-1.flo.cex,0.6081081081081081,74.0,45.0,7.166666666666667,0.0,0.0,0.0,12.0,2.0,1.0,14.0,7.0,1.0,14.0,4.0,0.0,2.0,3.0,2.0,2.0,2.0,2.0,1.0,5.0,0.0,1.0,6.0,0.0,0.0,4.0,1.0,0.0,0.0,0.0,0.0,0.0,0.0,0.0,0.0,0.0,0.0
49,223-0.flo.cex,0.5419847328244275,131.0,71.0,8.333333333333334,5.0,1.0,4.0,18.0,8.0,3.0,21.0,16.0,1.0,21.0,3.0,0.0,3.0,12.0,6.0,0.0,2.0,5.0,1.0,9.0,1.0,1.0,12.0,0.0,0.0,2.0,2.0,0.0,0.0,3.0,0.0,0.0,0.0,0.0,0.0,0.0,0.0
50,220-0.flo.cex,0.4925373134328358,134.0,66.0,9.933333333333334,1.0,1.0,1.0,15.0,11.0,6.0,16.0,11.0,2.0,27.0,4.0,0.0,3.0,10.0,10.0,5.0,0.0,1.0,3.0,5.0,0.0,0.0,11.0,0.0,0.0,1.0,7.0,0.0,0.0,0.0,1.0,0.0,0.0,0.0,0.0,0.0,0.0
51,587-0.flo.cex,0.5714285714285714,91.0,52.0,9.272727272727273,1.0,1.0,1.0,11.0,7.0,0.0,11.0,8.0,1.0,17.0,0.0,0.0,1.0,7.0,5.0,3.0,3.0,4.0,1.0,7.0,0.0,1.0,10.0,0.0,0.0,1.0,2.0,0.0,0.0,1.0,1.0,0.0,0.0,0.0,0.0,0.0,0.0
52,311-0.flo.cex,0.7586206896551724,29.0,22.0,5.142857142857143,0.0,0.0,0.0,7.0,3.0,0.0,6.0,1.0,0.0,7.0,0.0,0.0,0.0,1.0,1.0,1.0,0.0,0.0,0.0,2.0,0.0,0.0,4.0,1.0,0.0,1.0,0.0,1.0,0.0,0.0,0.0,0.0,0.0,0.0,0.0,0.0,0.0
53,257-0.flo.cex,0.5304878048780488,164.0,87.0,9.4,1.0,0.0,1.0,20.0,9.0,3.0,25.0,21.0,8.0,27.0,13.0,0.0,1.0,11.0,8.0,1.0,4.0,6.0,4.0,3.0,0.0,3.0,10.0,4.0,4.0,3.0,0.0,0.0,0.0,0.0,0.0,0.0,0.0,0.0,0.0,0.0,0.0
54,065-1.flo.cex,0.6311475409836066,122.0,77.0,9.714285714285714,1.0,1.0,6.0,14.0,10.0,1.0,15.0,9.0,5.0,22.0,3.0,0.0,1.0,10.0,6.0,1.0,3.0,10.0,0.0,9.0,1.0,2.0,9.0,0.0,0.0,0.0,2.0,0.0,0.0,3.0,0.0,0.0,0.0,0.0,0.0,0.0,0.0
55,681-0.flo.cex,0.775,40.0,31.0,7.833333333333333,0.0,2.0,0.0,6.0,4.0,0.0,6.0,2.0,4.0,7.0,1.0,0.0,0.0,7.0,0.0,0.0,1.0,0.0,1.0,1.0,0.0,4.0,1.0,0.0,1.0,0.0,1.0,0.0,0.0,0.0,0.0,0.0,0.0,0.0,0.0,0.0,0.0
56,551-0.flo.cex,0.46564885496183206,131.0,61.0,7.947368421052632,1.0,1.0,2.0,19.0,8.0,2.0,15.0,11.0,0.0,15.0,3.0,0.0,0.0,18.0,14.0,1.0,1.0,2.0,6.0,6.0,0.0,3.0,16.0,0.0,1.0,0.0,2.0,2.0,1.0,2.0,1.0,2.0,0.0,0.0,0.0,0.0,0.0
57,051-3.flo.cex,0.5266666666666666,150.0,79.0,7.291666666666667,0.0,1.0,1.0,24.0,3.0,2.0,18.0,10.0,3.0,21.0,9.0,0.0,1.0,13.0,6.0,6.0,3.0,6.0,3.0,14.0,2.0,7.0,17.0,2.0,1.0,2.0,0.0,0.0,0.0,1.0,0.0,1.0,0.0,0.0,0.0,0.0,0.0
58,268-0.flo.cex,0.4866666666666667,300.0,146.0,11.379310344827585,3.0,0.0,8.0,29.0,12.0,0.0,44.0,30.0,17.0,52.0,17.0,1.0,6.0,23.0,16.0,1.0,7.0,11.0,9.0,14.0,2.0,13.0,12.0,1.0,1.0,3.0,6.0,0.0,0.0,2.0,0.0,1.0,0.0,0.0,0.0,0.0,0.0
59,154-1.flo.cex,0.8,35.0,28.0,9.75,2.0,3.0,2.0,4.0,0.0,0.0,6.0,7.0,1.0,6.0,1.0,0.0,0.0,3.0,3.0,0.0,0.0,2.0,1.0,1.0,1.0,1.0,1.0,0.0,0.0,0.0,0.0,0.0,0.0,1.0,0.0,0.0,0.0,0.0,0.0,0.0,0.0
60,468-0.flo.cex,0.6417910447761194,67.0,43.0,7.090909090909091,1.0,2.0,0.0,11.0,2.0,0.0,4.0,4.0,4.0,10.0,0.0,0.0,0.0,10.0,7.0,1.0,1.0,1.0,0.0,3.0,0.0,1.0,11.0,2.0,0.0,2.0,2.0,0.0,0.0,0.0,0.0,2.0,0.0,0.0,0.0,0.0,0.0
61,234-0.flo.cex,0.6521739130434783,69.0,45.0,8.666666666666666,1.0,0.0,2.0,9.0,3.0,0.0,8.0,8.0,0.0,9.0,2.0,0.0,0.0,7.0,5.0,1.0,3.0,5.0,0.0,6.0,0.0,1.0,8.0,0.0,0.0,0.0,1.0,0.0,0.0,2.0,0.0,0.0,0.0,0.0,0.0,0.0,0.0
62,057-0.flo.cex,0.5578947368421052,95.0,53.0,8.916666666666666,0.0,2.0,1.0,12.0,6.0,1.0,11.0,8.0,2.0,17.0,4.0,0.0,2.0,6.0,5.0,2.0,1.0,5.0,0.0,10.0,0.0,2.0,6.0,1.0,0.0,0.0,4.0,0.0,0.0,2.0,0.0,0.0,0.0,0.0,0.0,0.0,0.0
63,356-0.flo.cex,0.6493506493506493,77.0,50.0,7.0,1.0,0.0,1.0,13.0,3.0,1.0,14.0,6.0,1.0,14.0,1.0,0.0,3.0,5.0,5.0,2.0,0.0,2.0,1.0,7.0,0.0,1.0,5.0,0.0,1.0,1.0,1.0,3.0,1.0,0.0,0.0,0.0,0.0,0.0,0.0,0.0,0.0
64,337-0.flo.cex,0.5492957746478874,71.0,39.0,6.916666666666667,1.0,0.0,2.0,12.0,2.0,0.0,12.0,5.0,4.0,18.0,2.0,0.0,4.0,3.0,2.0,2.0,2.0,2.0,1.0,3.0,0.0,0.0,6.0,0.0,0.0,2.0,1.0,0.0,0.0,0.0,0.0,0.0,0.0,0.0,0.0,0.0,0.0
65,594-0.flo.cex,0.7241379310344828,58.0,42.0,10.666666666666666,0.0,0.0,3.0,6.0,3.0,0.0,8.0,5.0,1.0,11.0,0.0,0.0,0.0,7.0,3.0,1.0,0.0,3.0,3.0,5.0,0.0,1.0,4.0,1.0,0.0,0.0,1.0,0.0,0.0,0.0,0.0,1.0,0.0,0.0,0.0,0.0,0.0
66,023-2.flo.cex,0.6521739130434783,92.0,60.0,7.642857142857143,2.0,2.0,2.0,14.0,5.0,0.0,9.0,10.0,5.0,15.0,2.0,0.0,0.0,10.0,6.0,1.0,3.0,4.0,1.0,5.0,1.0,3.0,9.0,1.0,0.0,1.0,0.0,0.0,0.0,1.0,1.0,0.0,0.0,0.0,0.0,0.0,0.0
67,563-0.flo.cex,0.5888888888888889,90.0,53.0,9.181818181818182,0.0,0.0,4.0,11.0,5.0,0.0,19.0,8.0,3.0,17.0,1.0,0.0,2.0,5.0,5.0,1.0,1.0,3.0,0.0,6.0,1.0,2.0,7.0,2.0,0.0,0.0,1.0,0.0,0.0,0.0,0.0,1.0,0.0,0.0,0.0,0.0,0.0
68,640-0.flo.cex,0.7090909090909091,55.0,39.0,10.166666666666666,0.0,0.0,2.0,6.0,3.0,0.0,7.0,4.0,3.0,11.0,1.0,0.0,1.0,3.0,4.0,1.0,1.0,3.0,1.0,4.0,1.0,0.0,4.0,0.0,0.0,1.0,1.0,0.0,0.0,1.0,0.0,0.0,0.0,0.0,0.0,0.0,0.0
69,656-0.flo.cex,0.6666666666666666,48.0,32.0,7.857142857142857,1.0,0.0,1.0,7.0,3.0,0.0,9.0,2.0,3.0,10.0,2.0,0.0,4.0,0.0,3.0,3.0,2.0,2.0,1.0,1.0,0.0,0.0,2.0,0.0,0.0,0.0,0.0,0.0,1.0,0.0,0.0,0.0,0.0,0.0,0.0,0.0,0.0
70,650-0.flo.cex,0.6090225563909775,133.0,81.0,8.882352941176471,1.0,1.0,4.0,17.0,9.0,0.0,16.0,15.0,6.0,23.0,1.0,0.0,1.0,14.0,9.0,0.0,3.0,5.0,3.0,8.0,0.0,3.0,11.0,0.0,1.0,3.0,0.0,1.0,1.0,1.0,0.0,0.0,0.0,0.0,0.0,0.0,0.0
71,029-0.flo.cex,0.47244094488188976,127.0,60.0,9.466666666666667,0.0,0.0,2.0,15.0,10.0,0.0,18.0,13.0,4.0,18.0,3.0,1.0,0.0,15.0,5.0,1.0,1.0,5.0,3.0,9.0,0.0,4.0,11.0,0.0,0.0,2.0,0.0,0.0,0.0,4.0,0.0,0.0,0.0,0.0,0.0,0.0,0.0
72,035-0.flo.cex,0.6629213483146067,89.0,59.0,9.181818181818182,0.0,1.0,2.0,11.0,3.0,0.0,9.0,9.0,1.0,10.0,3.0,1.0,1.0,11.0,11.0,1.0,1.0,4.0,2.0,6.0,0.0,2.0,10.0,1.0,0.0,0.0,2.0,1.0,0.0,1.0,0.0,0.0,0.0,0.0,0.0,0.0,0.0
73,076-4.flo.cex,0.6486486486486487,111.0,72.0,11.090909090909092,4.0,0.0,8.0,11.0,9.0,0.0,9.0,8.0,4.0,9.0,3.0,1.0,0.0,19.0,9.0,3.0,4.0,8.0,6.0,5.0,1.0,3.0,4.0,0.0,0.0,0.0,2.0,0.0,0.0,4.0,0.0,0.0,0.0,0.0,0.0,0.0,0.0
74,488-1.flo.cex,0.6551724137931034,29.0,19.0,6.8,0.0,0.0,0.0,5.0,3.0,0.0,3.0,2.0,0.0,5.0,2.0,0.0,1.0,4.0,2.0,1.0,0.0,0.0,0.0,3.0,0.0,0.0,3.0,0.0,0.0,0.0,0.0,0.0,0.0,0.0,0.0,0.0,0.0,0.0,0.0,0.0,0.0
75,591-0.flo.cex,0.6194690265486725,113.0,70.0,9.692307692307692,0.0,1.0,2.0,13.0,4.0,0.0,14.0,9.0,8.0,22.0,2.0,0.0,3.0,7.0,4.0,3.0,3.0,5.0,1.0,5.0,3.0,2.0,12.0,1.0,0.0,0.0,2.0,0.0,1.0,0.0,1.0,0.0,1.0,0.0,0.0,0.0,0.0
76,595-0.flo.cex,0.6235294117647059,85.0,53.0,7.538461538461538,1.0,0.0,0.0,13.0,2.0,0.0,14.0,8.0,0.0,17.0,4.0,0.0,2.0,5.0,3.0,4.0,0.0,1.0,0.0,8.0,1.0,2.0,9.0,1.0,0.0,1.0,2.0,0.0,0.0,1.0,0.0,0.0,0.0,0.0,0.0,0.0,0.0
77,164-3.flo.cex,0.7241379310344828,58.0,42.0,8.375,0.0,0.0,1.0,8.0,1.0,0.0,8.0,8.0,3.0,13.0,0.0,0.0,4.0,4.0,1.0,1.0,2.0,3.0,1.0,3.0,0.0,0.0,4.0,0.0,1.0,0.0,1.0,0.0,0.0,0.0,0.0,1.0,0.0,0.0,0.0,0.0,0.0
78,061-0.flo.cex,0.6149425287356322,174.0,107.0,11.352941176470589,1.0,1.0,6.0,17.0,16.0,0.0,17.0,17.0,7.0,35.0,13.0,0.0,1.0,13.0,6.0,1.0,6.0,10.0,0.0,9.0,0.0,6.0,9.0,0.0,2.0,0.0,4.0,0.0,0.0,2.0,0.0,1.0,0.0,1.0,0.0,0.0,0.0
79,016-0.flo.cex,0.7681159420289855,69.0,53.0,12.833333333333334,0.0,1.0,1.0,6.0,6.0,1.0,11.0,8.0,2.0,20.0,2.0,0.0,0.0,2.0,1.0,0.0,1.0,2.0,0.0,4.0,0.0,1.0,3.0,0.0,2.0,2.0,1.0,0.0,0.0,1.0,1.0,0.0,0.0,0.0,0.0,0.0,0.0
80,252-2.flo.cex,0.8260869565217391,23.0,19.0,6.75,1.0,0.0,0.0,4.0,1.0,0.0,4.0,0.0,0.0,4.0,1.0,0.0,1.0,2.0,1.0,1.0,1.0,1.0,0.0,2.0,1.0,1.0,2.0,0.0,0.0,0.0,0.0,0.0,0.0,0.0,0.0,0.0,0.0,0.0,0.0,0.0,0.0
81,212-3.flo.cex,0.5398230088495575,113.0,61.0,7.0,0.0,0.0,0.0,19.0,4.0,0.0,27.0,11.0,2.0,31.0,6.0,0.0,5.0,2.0,1.0,1.0,1.0,1.0,0.0,9.0,1.0,1.0,6.0,0.0,1.0,1.0,1.0,1.0,0.0,1.0,0.0,0.0,0.0,0.0,0.0,0.0,0.0
82,178-1.flo.cex,0.5531914893617021,47.0,26.0,5.0,1.0,0.0,0.0,12.0,9.0,1.0,7.0,4.0,0.0,7.0,6.0,0.0,3.0,2.0,2.0,1.0,0.0,0.0,0.0,4.0,0.0,0.0,2.0,0.0,0.0,0.0,0.0,0.0,0.0,0.0,0.0,0.0,0.0,0.0,0.0,0.0,0.0
83,271-2.flo.cex,0.7021276595744681,47.0,33.0,16.666666666666668,0.0,0.0,1.0,3.0,4.0,0.0,8.0,6.0,1.0,9.0,1.0,0.0,0.0,4.0,1.0,1.0,0.0,1.0,0.0,4.0,0.0,0.0,6.0,0.0,0.0,0.0,0.0,0.0,0.0,0.0,1.0,0.0,0.0,0.0,0.0,0.0,0.0
84,094-2.flo.cex,0.549618320610687,131.0,72.0,10.357142857142858,1.0,2.0,3.0,14.0,7.0,1.0,18.0,13.0,7.0,20.0,3.0,0.0,1.0,12.0,4.0,6.0,3.0,5.0,0.0,12.0,0.0,4.0,7.0,1.0,0.0,2.0,1.0,0.0,0.0,2.0,0.0,2.0,0.0,0.0,0.0,0.0,0.0
85,508-1.flo.cex,0.5871559633027523,109.0,64.0,7.470588235294118,1.0,0.0,6.0,17.0,9.0,0.0,15.0,12.0,5.0,16.0,0.0,0.0,2.0,11.0,6.0,2.0,3.0,6.0,1.0,9.0,1.0,5.0,6.0,0.0,1.0,0.0,0.0,0.0,0.0,0.0,0.0,0.0,0.0,0.0,0.0,0.0,0.0
86,349-1.flo.cex,0.5227272727272727,88.0,46.0,6.235294117647059,1.0,0.0,2.0,17.0,5.0,0.0,14.0,5.0,1.0,20.0,6.0,0.0,6.0,6.0,2.0,3.0,2.0,1.0,0.0,7.0,0.0,3.0,5.0,0.0,1.0,0.0,2.0,0.0,0.0,0.0,0.0,0.0,0.0,0.0,0.0,0.0,0.0
87,291-1.flo.cex,0.7352941176470589,34.0,25.0,5.857142857142857,0.0,0.0,0.0,7.0,0.0,0.0,8.0,3.0,2.0,10.0,1.0,0.0,0.0,0.0,0.0,2.0,0.0,0.0,0.0,4.0,0.0,0.0,3.0,0.0,0.0,0.0,1.0,0.0,0.0,0.0,0.0,0.0,0.0,0.0,0.0,0.0,0.0
88,544-0.flo.cex,0.7704918032786885,61.0,47.0,9.714285714285714,0.0,0.0,0.0,7.0,3.0,0.0,11.0,8.0,3.0,8.0,5.0,0.0,0.0,3.0,2.0,0.0,1.0,2.0,0.0,3.0,0.0,2.0,4.0,0.0,0.0,1.0,1.0,0.0,0.0,1.0,0.0,0.0,1.0,2.0,0.0,0.0,0.0
89,076-0.flo.cex,0.5,218.0,109.0,13.882352941176471,2.0,1.0,12.0,17.0,14.0,0.0,19.0,22.0,5.0,20.0,6.0,1.0,0.0,37.0,16.0,2.0,5.0,22.0,5.0,12.0,6.0,3.0,13.0,0.0,0.0,0.0,1.0,0.0,0.0,9.0,0.0,1.0,0.0,0.0,0.0,0.0,0.0
90,276-0.flo.cex,0.4484848484848485,165.0,74.0,7.185185185185185,2.0,2.0,5.0,27.0,8.0,3.0,16.0,14.0,4.0,19.0,5.0,0.0,1.0,17.0,21.0,2.0,8.0,8.0,3.0,5.0,1.0,9.0,9.0,2.0,1.0,2.0,0.0,5.0,0.0,2.0,1.0,1.0,0.0,0.0,0.0,0.0,0.0
91,238-0.flo.cex,0.6206896551724138,87.0,54.0,6.5,4.0,1.0,2.0,16.0,4.0,0.0,10.0,2.0,4.0,11.0,3.0,0.0,0.0,14.0,10.0,1.0,2.0,4.0,4.0,4.0,0.0,4.0,5.0,0.0,0.0,0.0,3.0,0.0,1.0,2.0,0.0,0.0,0.0,0.0,0.0,0.0,0.0
92,213-2.flo.cex,0.5087719298245614,114.0,58.0,7.0,2.0,4.0,1.0,19.0,9.0,0.0,13.0,10.0,1.0,18.0,1.0,0.0,1.0,15.0,16.0,0.0,2.0,3.0,3.0,6.0,0.0,3.0,11.0,0.0,0.0,0.0,0.0,0.0,0.0,2.0,0.0,0.0,0.0,0.0,0.0,0.0,0.0
93,663-0.flo.cex,0.7450980392156863,51.0,38.0,8.857142857142858,1.0,0.0,0.0,7.0,0.0,1.0,10.0,7.0,0.0,11.0,1.0,0.0,0.0,4.0,2.0,1.0,1.0,1.0,0.0,6.0,0.0,1.0,4.0,0.0,4.0,0.0,0.0,0.0,0.0,1.0,0.0,0.0,0.0,0.0,0.0,0.0,0.0
94,508-0.flo.cex,0.6263736263736264,91.0,57.0,6.352941176470588,0.0,0.0,4.0,17.0,3.0,0.0,17.0,11.0,1.0,15.0,3.0,0.0,3.0,4.0,6.0,3.0,2.0,3.0,0.0,8.0,1.0,2.0,6.0,1.0,0.0,2.0,0.0,0.0,0.0,0.0,0.0,0.0,0.0,0.0,0.0,0.0,0.0
95,181-2.flo.cex,0.7954545454545454,44.0,35.0,7.714285714285714,0.0,0.0,1.0,7.0,2.0,1.0,6.0,3.0,0.0,7.0,1.0,0.0,1.0,6.0,3.0,1.0,1.0,2.0,0.0,3.0,0.0,1.0,6.0,0.0,3.0,0.0,0.0,0.0,0.0,0.0,0.0,0.0,0.0,0.0,0.0,0.0,0.0
96,134-2.flo.cex,0.6956521739130435,46.0,32.0,10.2,0.0,0.0,2.0,5.0,3.0,0.0,10.0,4.0,0.0,9.0,2.0,1.0,1.0,2.0,0.0,0.0,3.0,2.0,1.0,3.0,0.0,1.0,3.0,0.0,0.0,0.0,1.0,0.0,0.0,0.0,0.0,0.0,0.0,0.0,0.0,0.0,0.0
97,221-2.flo.cex,0.5912408759124088,137.0,81.0,14.7,2.0,0.0,5.0,10.0,8.0,0.0,18.0,14.0,3.0,22.0,4.0,0.0,2.0,12.0,12.0,3.0,2.0,6.0,0.0,8.0,5.0,0.0,12.0,0.0,0.0,0.0,3.0,0.0,0.0,3.0,0.0,0.0,0.0,0.0,0.0,0.0,0.0
98,362-1.flo.cex,0.6615384615384615,65.0,43.0,9.125,2.0,0.0,1.0,8.0,2.0,0.0,12.0,6.0,2.0,12.0,0.0,0.0,1.0,7.0,8.0,0.0,2.0,2.0,2.0,2.0,0.0,1.0,5.0,0.0,0.0,0.0,0.0,0.0,0.0,1.0,0.0,0.0,0.0,0.0,0.0,0.0,0.0
99,181-3.flo.cex,0.56,100.0,56.0,8.285714285714286,1.0,0.0,0.0,14.0,3.0,1.0,10.0,13.0,2.0,13.0,6.0,0.0,0.0,9.0,6.0,3.0,2.0,2.0,1.0,10.0,0.0,2.0,11.0,2.0,2.0,0.0,2.0,1.0,0.0,0.0,1.0,0.0,0.0,0.0,0.0,0.0,0.0
100,001-0.flo.cex,0.6097560975609756,82.0,50.0,9.2,1.0,1.0,2.0,10.0,8.0,0.0,12.0,7.0,3.0,15.0,3.0,0.0,0.0,5.0,6.0,1.0,0.0,3.0,0.0,5.0,0.0,2.0,9.0,0.0,0.0,1.0,0.0,0.0,0.0,1.0,1.0,0.0,0.0,0.0,0.0,0.0,0.0
101,310-0.flo.cex,0.5714285714285714,77.0,44.0,6.923076923076923,1.0,0.0,1.0,13.0,4.0,0.0,15.0,4.0,2.0,17.0,2.0,0.0,6.0,3.0,2.0,2.0,2.0,2.0,0.0,9.0,0.0,0.0,6.0,0.0,0.0,1.0,0.0,0.0,0.0,0.0,0.0,0.0,0.0,0.0,0.0,0.0,0.0
102,472-0.flo.cex,0.6041666666666666,48.0,29.0,13.0,0.0,0.0,2.0,4.0,5.0,0.0,7.0,3.0,1.0,6.0,2.0,0.0,1.0,7.0,1.0,2.0,0.0,1.0,1.0,5.0,0.0,2.0,4.0,0.0,0.0,0.0,0.0,0.0,0.0,0.0,0.0,0.0,0.0,0.0,0.0,0.0,0.0
103,657-0.flo.cex,0.7727272727272727,44.0,34.0,7.285714285714286,1.0,1.0,3.0,7.0,3.0,0.0,3.0,2.0,0.0,3.0,2.0,0.0,0.0,6.0,5.0,1.0,2.0,3.0,0.0,5.0,0.0,1.0,7.0,1.0,0.0,0.0,0.0,0.0,0.0,0.0,0.0,0.0,0.0,0.0,0.0,0.0,0.0
104,270-0.flo.cex,0.5743243243243243,148.0,85.0,9.705882352941176,1.0,0.0,2.0,17.0,3.0,2.0,17.0,11.0,11.0,19.0,10.0,0.0,0.0,13.0,7.0,2.0,4.0,5.0,6.0,5.0,3.0,8.0,13.0,4.0,0.0,2.0,2.0,0.0,0.0,1.0,0.0,0.0,0.0,0.0,0.0,0.0,0.0
105,221-0.flo.cex,0.5233644859813084,214.0,112.0,11.7,2.0,0.0,3.0,20.0,23.0,3.0,33.0,19.0,8.0,41.0,6.0,0.0,3.0,14.0,8.0,2.0,2.0,5.0,3.0,8.0,5.0,3.0,18.0,0.0,0.0,4.0,2.0,0.0,0.0,2.0,2.0,0.0,0.0,0.0,0.0,0.0,0.0
106,528-0.flo.cex,0.6833333333333333,60.0,41.0,8.5,1.0,0.0,2.0,8.0,4.0,0.0,12.0,4.0,1.0,10.0,5.0,0.0,3.0,3.0,2.0,1.0,1.0,4.0,0.0,3.0,0.0,1.0,4.0,1.0,0.0,1.0,0.0,0.0,0.0,0.0,0.0,0.0,0.0,0.0,0.0,0.0,0.0
107,035-1.flo.cex,0.6526315789473685,95.0,62.0,9.636363636363637,1.0,1.0,1.0,11.0,5.0,2.0,13.0,8.0,5.0,16.0,3.0,0.0,1.0,7.0,6.0,1.0,1.0,2.0,2.0,8.0,0.0,1.0,10.0,0.0,0.0,1.0,2.0,0.0,0.0,0.0,0.0,0.0,0.0,0.0,1.0,0.0,0.0
108,325-0.flo.cex,0.5394736842105263,76.0,41.0,10.75,2.0,0.0,0.0,8.0,2.0,0.0,15.0,7.0,3.0,16.0,3.0,0.0,5.0,5.0,4.0,4.0,0.0,0.0,1.0,4.0,0.0,3.0,2.0,0.0,2.0,1.0,1.0,0.0,0.0,0.0,0.0,0.0,0.0,0.0,0.0,0.0,0.0
109,070-2.flo.cex,0.6304347826086957,46.0,29.0,6.111111111111111,0.0,0.0,0.0,9.0,5.0,0.0,8.0,2.0,0.0,11.0,3.0,0.0,1.0,4.0,0.0,0.0,0.0,0.0,0.0,5.0,0.0,0.0,5.0,0.0,0.0,1.0,1.0,0.0,0.0,0.0,0.0,0.0,0.0,0.0,0.0,0.0,0.0
110,711-0.flo.cex,0.5588235294117647,136.0,76.0,10.066666666666666,0.0,0.0,2.0,15.0,18.0,1.0,17.0,8.0,2.0,14.0,9.0,0.0,1.0,15.0,6.0,2.0,2.0,6.0,3.0,10.0,2.0,4.0,8.0,0.0,0.0,3.0,2.0,0.0,0.0,2.0,1.0,0.0,0.0,0.0,0.0,0.0,0.0
111,007-3.flo.cex,0.6195652173913043,92.0,57.0,11.222222222222221,2.0,1.0,5.0,9.0,6.0,1.0,14.0,6.0,1.0,16.0,2.0,0.0,1.0,7.0,6.0,4.0,2.0,8.0,1.0,5.0,0.0,2.0,7.0,0.0,0.0,0.0,1.0,0.0,1.0,1.0,0.0,0.0,0.0,0.0,0.0,0.0,0.0
112,291-2.flo.cex,0.6904761904761905,42.0,29.0,6.25,0.0,0.0,0.0,8.0,0.0,0.0,6.0,3.0,0.0,13.0,1.0,0.0,2.0,2.0,0.0,1.0,1.0,0.0,1.0,4.0,0.0,1.0,4.0,0.0,0.0,0.0,2.0,1.0,0.0,0.0,0.0,0.0,0.0,0.0,0.0,0.0,0.0
113,368-0.flo.cex,0.6617647058823529,68.0,45.0,7.181818181818182,0.0,2.0,3.0,11.0,3.0,1.0,14.0,7.0,2.0,17.0,2.0,0.0,0.0,3.0,3.0,1.0,0.0,2.0,0.0,5.0,0.0,3.0,4.0,0.0,0.0,0.0,0.0,0.0,0.0,0.0,0.0,1.0,0.0,0.0,0.0,0.0,0.0
114,325-1.flo.cex,0.6862745098039216,51.0,35.0,8.285714285714286,0.0,0.0,2.0,7.0,3.0,0.0,8.0,3.0,2.0,9.0,1.0,0.0,3.0,4.0,1.0,3.0,2.0,2.0,0.0,5.0,0.0,2.0,2.0,0.0,0.0,0.0,1.0,0.0,0.0,0.0,0.0,0.0,0.0,0.0,0.0,0.0,0.0
115,125-0.flo.cex,0.6511627906976745,43.0,28.0,4.583333333333333,1.0,0.0,2.0,12.0,0.0,1.0,5.0,0.0,0.0,13.0,0.0,0.0,0.0,8.0,3.0,0.0,0.0,2.0,1.0,2.0,0.0,3.0,2.0,1.0,0.0,0.0,0.0,0.0,0.0,2.0,0.0,0.0,0.0,0.0,0.0,0.0,0.0
116,091-1.flo.cex,0.5753424657534246,73.0,42.0,9.11111111111111,0.0,0.0,1.0,9.0,4.0,1.0,12.0,6.0,0.0,13.0,4.0,0.0,1.0,5.0,1.0,2.0,3.0,2.0,0.0,8.0,0.0,2.0,7.0,0.0,0.0,1.0,0.0,0.0,0.0,1.0,0.0,0.0,0.0,0.0,0.0,0.0,0.0
117,354-0.flo.cex,0.6931818181818182,88.0,61.0,7.923076923076923,0.0,0.0,2.0,13.0,3.0,0.0,11.0,8.0,6.0,18.0,6.0,0.0,1.0,6.0,2.0,2.0,0.0,3.0,1.0,6.0,2.0,2.0,8.0,1.0,2.0,0.0,0.0,0.0,0.0,2.0,0.0,0.0,0.0,0.0,0.0,0.0,0.0
118,221-3.flo.cex,0.5533980582524272,103.0,57.0,11.3,2.0,0.0,0.0,10.0,12.0,1.0,17.0,13.0,3.0,21.0,3.0,0.0,0.0,6.0,3.0,0.0,1.0,0.0,0.0,6.0,2.0,1.0,11.0,0.0,0.0,1.0,2.0,0.0,0.0,0.0,0.0,0.0,0.0,0.0,0.0,0.0,0.0
119,252-1.flo.cex,0.6410256410256411,78.0,50.0,9.0,0.0,0.0,0.0,10.0,4.0,0.0,16.0,10.0,3.0,19.0,8.0,0.0,0.0,2.0,2.0,0.0,1.0,2.0,0.0,5.0,0.0,1.0,4.0,0.0,2.0,0.0,1.0,0.0,0.0,0.0,0.0,0.0,0.0,0.0,0.0,0.0,0.0
120,003-0.flo.cex,0.45408163265306123,196.0,89.0,9.652173913043478,2.0,4.0,13.0,23.0,17.0,1.0,34.0,18.0,4.0,29.0,5.0,0.0,0.0,16.0,19.0,2.0,2.0,12.0,5.0,4.0,0.0,9.0,11.0,0.0,3.0,1.0,0.0,0.0,0.0,6.0,0.0,1.0,0.0,0.0,0.0,0.0,0.0
121,222-0.flo.cex,0.4838709677419355,93.0,45.0,10.3,1.0,0.0,0.0,10.0,4.0,0.0,11.0,13.0,0.0,12.0,2.0,1.0,1.0,7.0,7.0,6.0,1.0,1.0,0.0,12.0,1.0,1.0,9.0,0.0,0.0,3.0,1.0,0.0,0.0,0.0,0.0,0.0,0.0,0.0,0.0,0.0,0.0
122,702-0.flo.cex,0.7037037037037037,54.0,38.0,8.714285714285714,0.0,0.0,0.0,7.0,2.0,0.0,8.0,7.0,2.0,14.0,2.0,0.0,6.0,3.0,0.0,0.0,2.0,3.0,0.0,2.0,0.0,1.0,0.0,0.0,0.0,0.0,1.0,0.0,0.0,1.0,0.0,0.0,0.0,0.0,0.0,0.0,0.0
123,493-1.flo.cex,0.5112781954887218,133.0,68.0,8.38888888888889,2.0,1.0,14.0,18.0,8.0,4.0,12.0,9.0,2.0,16.0,2.0,0.0,2.0,16.0,13.0,2.0,3.0,11.0,3.0,1.0,2.0,8.0,8.0,2.0,0.0,3.0,3.0,0.0,0.0,3.0,0.0,0.0,0.0,0.0,0.0,0.0,0.0
124,078-1.flo.cex,0.4444444444444444,126.0,56.0,8.411764705882353,0.0,0.0,2.0,17.0,9.0,2.0,23.0,13.0,7.0,25.0,3.0,0.0,3.0,7.0,1.0,4.0,3.0,3.0,2.0,8.0,0.0,1.0,9.0,0.0,0.0,1.0,1.0,0.0,0.0,1.0,0.0,0.0,0.0,0.0,0.0,0.0,0.0
125,223-1.flo.cex,0.5263157894736842,76.0,40.0,8.6,1.0,1.0,1.0,10.0,5.0,1.0,16.0,8.0,0.0,19.0,0.0,0.0,2.0,5.0,4.0,1.0,0.0,1.0,0.0,5.0,0.0,1.0,6.0,0.0,0.0,1.0,0.0,0.0,0.0,1.0,0.0,0.0,0.0,0.0,0.0,0.0,0.0
126,024-2.flo.cex,0.6304347826086957,92.0,58.0,8.666666666666666,0.0,1.0,4.0,12.0,5.0,1.0,10.0,6.0,3.0,17.0,1.0,0.0,1.0,8.0,6.0,1.0,3.0,7.0,1.0,8.0,1.0,3.0,7.0,0.0,0.0,0.0,2.0,0.0,0.0,1.0,0.0,0.0,0.0,0.0,0.0,0.0,0.0
127,252-0.flo.cex,0.65625,64.0,42.0,11.666666666666666,0.0,0.0,0.0,6.0,6.0,1.0,10.0,6.0,1.0,10.0,3.0,0.0,1.0,5.0,1.0,2.0,2.0,1.0,0.0,7.0,1.0,1.0,5.0,0.0,0.0,0.0,1.0,0.0,0.0,0.0,0.0,0.0,0.0,0.0,0.0,0.0,0.0
128,190-2.flo.cex,0.5409836065573771,61.0,33.0,11.166666666666666,0.0,0.0,0.0,6.0,6.0,0.0,11.0,2.0,1.0,9.0,4.0,0.0,1.0,7.0,2.0,2.0,0.0,1.0,3.0,6.0,0.0,0.0,5.0,0.0,0.0,0.0,1.0,0.0,0.0,0.0,0.0,0.0,0.0,0.0,0.0,0.0,0.0
129,065-2.flo.cex,0.39901477832512317,203.0,81.0,10.227272727272727,0.0,0.0,1.0,22.0,21.0,1.0,31.0,21.0,6.0,39.0,7.0,0.0,3.0,12.0,8.0,5.0,3.0,3.0,0.0,6.0,0.0,5.0,18.0,0.0,0.0,3.0,7.0,0.0,0.0,1.0,3.0,0.0,0.0,0.0,0.0,0.0,0.0
130,010-0.flo.cex,0.519650655021834,229.0,119.0,12.0,4.0,1.0,5.0,21.0,7.0,2.0,32.0,22.0,9.0,46.0,8.0,0.0,2.0,16.0,8.0,7.0,7.0,10.0,2.0,19.0,0.0,3.0,16.0,1.0,2.0,2.0,6.0,0.0,0.0,2.0,2.0,0.0,0.0,0.0,0.0,0.0,0.0
131,714-0.flo.cex,0.734375,64.0,47.0,17.0,0.0,1.0,3.0,4.0,1.0,0.0,7.0,6.0,2.0,10.0,1.0,0.0,1.0,7.0,4.0,1.0,4.0,6.0,1.0,4.0,0.0,2.0,4.0,0.0,0.0,0.0,2.0,1.0,0.0,0.0,0.0,0.0,0.0,0.0,0.0,0.0,0.0
132,058-3.flo.cex,0.7288135593220338,59.0,43.0,12.8,1.0,0.0,1.0,5.0,5.0,0.0,7.0,3.0,2.0,11.0,2.0,0.0,0.0,4.0,2.0,1.0,3.0,2.0,0.0,7.0,0.0,0.0,7.0,0.0,0.0,0.0,3.0,0.0,0.0,0.0,0.0,0.0,0.0,0.0,0.0,0.0,0.0
133,527-1.flo.cex,0.5352112676056338,71.0,38.0,11.142857142857142,1.0,0.0,2.0,7.0,4.0,0.0,10.0,3.0,2.0,15.0,1.0,0.0,0.0,9.0,3.0,2.0,3.0,2.0,3.0,5.0,0.0,1.0,4.0,0.0,0.0,0.0,2.0,1.0,0.0,0.0,0.0,1.0,0.0,0.0,0.0,0.0,0.0
134,705-0.flo.cex,0.647887323943662,71.0,46.0,6.916666666666667,1.0,1.0,4.0,12.0,4.0,0.0,10.0,6.0,1.0,11.0,1.0,0.0,0.0,8.0,4.0,0.0,2.0,4.0,6.0,5.0,0.0,3.0,3.0,2.0,0.0,0.0,0.0,0.0,0.0,1.0,0.0,0.0,0.0,0.0,0.0,0.0,0.0
135,051-2.flo.cex,0.5,212.0,106.0,9.52,2.0,1.0,3.0,25.0,9.0,1.0,31.0,19.0,8.0,39.0,5.0,0.0,3.0,24.0,7.0,2.0,6.0,12.0,2.0,10.0,0.0,9.0,14.0,3.0,1.0,3.0,1.0,0.0,0.0,3.0,0.0,0.0,1.0,0.0,0.0,0.0,0.0
136,016-1.flo.cex,0.7380952380952381,42.0,31.0,6.25,0.0,2.0,2.0,8.0,0.0,0.0,7.0,5.0,0.0,13.0,1.0,0.0,1.0,1.0,3.0,0.0,0.0,2.0,0.0,6.0,0.0,2.0,1.0,0.0,0.0,0.0,0.0,0.0,0.0,0.0,0.0,0.0,0.0,0.0,0.0,0.0,0.0
137,062-3.flo.cex,0.7333333333333333,45.0,33.0,6.875,0.0,1.0,3.0,8.0,3.0,0.0,5.0,1.0,3.0,10.0,1.0,1.0,3.0,5.0,4.0,0.0,0.0,3.0,0.0,2.0,0.0,2.0,1.0,0.0,2.0,0.0,0.0,0.0,0.0,1.0,0.0,0.0,0.0,0.0,0.0,0.0,0.0
138,183-3.flo.cex,0.6290322580645161,62.0,39.0,7.888888888888889,0.0,0.0,0.0,9.0,2.0,0.0,11.0,8.0,2.0,14.0,4.0,0.0,5.0,3.0,0.0,1.0,1.0,0.0,0.0,6.0,1.0,0.0,3.0,0.0,0.0,1.0,0.0,0.0,0.0,0.0,0.0,0.0,0.0,0.0,0.0,0.0,0.0
139,164-2.flo.cex,0.6595744680851063,47.0,31.0,8.833333333333334,0.0,0.0,1.0,6.0,2.0,0.0,8.0,4.0,2.0,8.0,1.0,0.0,3.0,4.0,0.0,2.0,3.0,3.0,0.0,4.0,0.0,0.0,3.0,0.0,0.0,0.0,0.0,0.0,0.0,0.0,0.0,0.0,0.0,0.0,0.0,0.0,0.0
140,053-1.flo.cex,0.5497076023391813,171.0,94.0,8.521739130434783,3.0,1.0,3.0,23.0,7.0,0.0,21.0,21.0,5.0,29.0,1.0,1.0,1.0,17.0,17.0,1.0,3.0,9.0,3.0,4.0,1.0,4.0,14.0,0.0,0.0,3.0,4.0,1.0,0.0,4.0,1.0,0.0,0.0,0.0,0.0,1.0,0.0
141,061-1.flo.cex,0.5921052631578947,76.0,45.0,9.444444444444445,1.0,0.0,1.0,9.0,5.0,0.0,12.0,6.0,1.0,12.0,1.0,1.0,0.0,9.0,3.0,1.0,1.0,2.0,0.0,7.0,0.0,3.0,8.0,0.0,0.0,0.0,2.0,0.0,0.0,2.0,0.0,0.0,0.0,0.0,0.0,0.0,0.0
142,033-3.flo.cex,0.5939849624060151,133.0,79.0,15.777777777777779,0.0,0.0,1.0,9.0,12.0,0.0,23.0,11.0,3.0,20.0,6.0,0.0,0.0,10.0,3.0,4.0,4.0,4.0,1.0,10.0,3.0,1.0,13.0,0.0,0.0,0.0,2.0,0.0,0.0,1.0,2.0,0.0,0.0,0.0,0.0,0.0,0.0
143,329-0.flo.cex,0.5188679245283019,212.0,110.0,9.346153846153847,1.0,3.0,8.0,26.0,3.0,3.0,24.0,22.0,9.0,38.0,3.0,0.0,7.0,19.0,15.0,4.0,5.0,11.0,4.0,10.0,2.0,9.0,9.0,3.0,5.0,0.0,5.0,3.0,1.0,1.0,1.0,0.0,0.0,1.0,0.0,0.0,0.0
144,134-1.flo.cex,0.7857142857142857,42.0,33.0,15.0,0.0,0.0,0.0,3.0,3.0,0.0,8.0,4.0,2.0,8.0,2.0,0.0,0.0,2.0,0.0,0.0,1.0,2.0,0.0,3.0,0.0,1.0,4.0,0.0,0.0,0.0,1.0,0.0,0.0,1.0,0.0,0.0,0.0,0.0,0.0,0.0,0.0
145,144-0.flo.cex,0.6066666666666667,150.0,91.0,12.615384615384615,1.0,1.0,9.0,13.0,8.0,2.0,18.0,17.0,8.0,14.0,5.0,1.0,1.0,14.0,11.0,4.0,4.0,10.0,3.0,6.0,1.0,6.0,8.0,1.0,1.0,1.0,2.0,0.0,0.0,2.0,2.0,0.0,0.0,0.0,1.0,0.0,0.0
146,206-0.flo.cex,0.4434782608695652,230.0,102.0,9.555555555555555,2.0,0.0,6.0,27.0,10.0,0.0,42.0,18.0,8.0,39.0,10.0,0.0,4.0,14.0,14.0,4.0,9.0,12.0,2.0,16.0,0.0,4.0,14.0,0.0,1.0,0.0,4.0,0.0,0.0,5.0,0.0,1.0,0.0,0.0,0.0,0.0,0.0
147,089-0.flo.cex,0.4430379746835443,158.0,70.0,10.294117647058824,0.0,0.0,0.0,17.0,15.0,1.0,27.0,15.0,9.0,28.0,7.0,0.0,4.0,10.0,5.0,3.0,3.0,6.0,5.0,9.0,0.0,1.0,6.0,0.0,0.0,1.0,0.0,0.0,0.0,2.0,0.0,0.0,0.0,1.0,0.0,0.0,0.0
148,358-1.flo.cex,0.7012987012987013,77.0,54.0,7.0,1.0,1.0,1.0,13.0,7.0,0.0,12.0,3.0,2.0,13.0,3.0,0.0,1.0,4.0,9.0,0.0,1.0,4.0,1.0,5.0,0.0,2.0,7.0,1.0,0.0,0.0,0.0,0.0,0.0,2.0,0.0,1.0,0.0,0.0,0.0,0.0,0.0
149,222-1.flo.cex,0.5045045045045045,111.0,56.0,8.4,1.0,2.0,2.0,15.0,10.0,0.0,11.0,12.0,2.0,15.0,1.0,2.0,0.0,11.0,16.0,3.0,2.0,3.0,2.0,6.0,0.0,5.0,4.0,1.0,0.0,1.0,1.0,0.0,0.0,1.0,0.0,2.0,0.0,0.0,0.0,0.0,0.0
150,203-0.flo.cex,0.5882352941176471,102.0,60.0,7.933333333333334,1.0,0.0,3.0,15.0,4.0,0.0,17.0,12.0,0.0,21.0,2.0,0.0,2.0,9.0,4.0,3.0,2.0,5.0,3.0,4.0,0.0,2.0,8.0,1.0,1.0,1.0,1.0,0.0,0.0,2.0,0.0,0.0,0.0,0.0,0.0,0.0,0.0
151,212-2.flo.cex,0.4857142857142857,175.0,85.0,9.476190476190476,0.0,0.0,0.0,21.0,12.0,9.0,30.0,20.0,4.0,32.0,15.0,0.0,1.0,6.0,1.0,4.0,2.0,0.0,0.0,8.0,3.0,0.0,21.0,0.0,3.0,5.0,1.0,0.0,0.0,0.0,0.0,0.0,0.0,0.0,1.0,0.0,0.0
152,183-0.flo.cex,0.6944444444444444,36.0,25.0,7.0,0.0,0.0,0.0,6.0,1.0,0.0,10.0,2.0,0.0,6.0,1.0,0.0,3.0,1.0,1.0,0.0,1.0,1.0,0.0,4.0,0.0,0.0,4.0,0.0,0.0,0.0,0.0,0.0,0.0,0.0,0.0,0.0,0.0,0.0,0.0,0.0,1.0
153,260-2.flo.cex,0.6944444444444444,72.0,50.0,10.0,1.0,0.0,4.0,8.0,3.0,1.0,12.0,8.0,1.0,10.0,1.0,0.0,2.0,7.0,6.0,0.0,0.0,5.0,0.0,3.0,2.0,2.0,5.0,1.0,0.0,0.0,0.0,0.0,0.0,3.0,0.0,0.0,0.0,0.0,0.0,0.0,0.0
154,339-0.flo.cex,0.4918032786885246,61.0,30.0,6.166666666666667,2.0,0.0,0.0,12.0,7.0,0.0,9.0,0.0,2.0,10.0,2.0,0.0,2.0,3.0,7.0,3.0,0.0,0.0,1.0,5.0,0.0,0.0,7.0,3.0,0.0,1.0,0.0,0.0,0.0,0.0,0.0,0.0,0.0,0.0,0.0,0.0,0.0
155,213-1.flo.cex,0.5241935483870968,124.0,65.0,8.11111111111111,1.0,0.0,3.0,18.0,7.0,0.0,16.0,7.0,3.0,12.0,0.0,0.0,1.0,18.0,18.0,1.0,1.0,8.0,2.0,3.0,0.0,5.0,11.0,4.0,1.0,2.0,0.0,3.0,0.0,4.0,0.0,1.0,0.0,0.0,0.0,0.0,0.0
156,094-1.flo.cex,0.6391752577319587,97.0,62.0,7.125,1.0,1.0,1.0,16.0,6.0,2.0,11.0,4.0,5.0,14.0,3.0,0.0,1.0,11.0,6.0,2.0,3.0,3.0,0.0,8.0,1.0,1.0,11.0,1.0,0.0,0.0,4.0,0.0,0.0,1.0,0.0,0.0,0.0,0.0,0.0,0.0,0.0
157,704-0.flo.cex,0.6724137931034483,58.0,39.0,8.25,2.0,0.0,0.0,8.0,2.0,0.0,11.0,4.0,5.0,14.0,2.0,0.0,2.0,1.0,2.0,2.0,0.0,0.0,0.0,5.0,0.0,2.0,4.0,0.0,0.0,0.0,2.0,0.0,0.0,0.0,0.0,0.0,0.0,0.0,0.0,0.0,0.0
158,674-0.flo.cex,0.7058823529411765,34.0,24.0,7.8,0.0,0.0,0.0,5.0,2.0,0.0,7.0,2.0,0.0,10.0,2.0,0.0,4.0,0.0,0.0,1.0,0.0,0.0,0.0,3.0,0.0,0.0,1.0,0.0,0.0,1.0,1.0,0.0,0.0,0.0,0.0,0.0,0.0,0.0,0.0,0.0,0.0
159,279-1.flo.cex,0.7068965517241379,58.0,41.0,8.25,1.0,1.0,2.0,8.0,5.0,0.0,6.0,2.0,3.0,8.0,5.0,0.0,2.0,4.0,6.0,1.0,1.0,2.0,0.0,4.0,1.0,1.0,5.0,0.0,0.0,0.0,1.0,0.0,0.0,0.0,0.0,1.0,0.0,0.0,0.0,0.0,0.0
160,043-0.flo.cex,0.5977011494252874,87.0,52.0,7.6923076923076925,0.0,0.0,0.0,13.0,5.0,1.0,17.0,7.0,4.0,14.0,2.0,0.0,0.0,6.0,4.0,1.0,1.0,1.0,0.0,6.0,0.0,2.0,11.0,0.0,0.0,4.0,0.0,0.0,1.0,0.0,0.0,0.0,0.0,0.0,0.0,0.0,0.0
161,283-0.flo.cex,0.5662650602409639,166.0,94.0,9.789473684210526,2.0,0.0,4.0,19.0,9.0,0.0,19.0,21.0,9.0,23.0,5.0,1.0,0.0,14.0,9.0,3.0,5.0,7.0,2.0,9.0,0.0,4.0,14.0,2.0,0.0,3.0,5.0,1.0,0.0,2.0,0.0,0.0,0.0,0.0,0.0,0.0,0.0
162,244-0.flo.cex,0.527363184079602,201.0,106.0,9.12,0.0,0.0,2.0,25.0,6.0,4.0,28.0,25.0,13.0,46.0,9.0,0.0,2.0,10.0,4.0,2.0,4.0,3.0,7.0,10.0,1.0,3.0,13.0,0.0,2.0,1.0,8.0,0.0,0.0,1.0,0.0,0.0,1.0,0.0,0.0,0.0,0.0
163,270-1.flo.cex,0.6265060240963856,83.0,52.0,8.545454545454545,1.0,0.0,0.0,11.0,2.0,0.0,14.0,8.0,3.0,18.0,3.0,0.0,2.0,5.0,3.0,2.0,0.0,0.0,3.0,9.0,0.0,3.0,7.0,0.0,0.0,0.0,1.0,0.0,0.0,0.0,0.0,0.0,0.0,0.0,0.0,0.0,0.0
164,344-0.flo.cex,0.6224489795918368,98.0,61.0,13.25,2.0,1.0,5.0,8.0,6.0,0.0,9.0,9.0,1.0,13.0,4.0,0.0,1.0,11.0,7.0,1.0,2.0,4.0,0.0,10.0,0.0,4.0,9.0,1.0,0.0,1.0,3.0,0.0,0.0,1.0,1.0,0.0,0.0,0.0,0.0,0.0,0.0
165,235-0.flo.cex,0.45751633986928103,153.0,70.0,11.2,0.0,0.0,3.0,15.0,11.0,0.0,24.0,17.0,8.0,22.0,6.0,0.0,0.0,15.0,4.0,6.0,4.0,6.0,5.0,12.0,0.0,1.0,5.0,0.0,0.0,0.0,3.0,0.0,0.0,2.0,1.0,0.0,0.0,1.0,0.0,0.0,0.0
166,306-0.flo.cex,0.6293103448275862,116.0,73.0,7.444444444444445,1.0,1.0,2.0,18.0,5.0,2.0,11.0,11.0,1.0,18.0,3.0,0.0,2.0,14.0,4.0,1.0,3.0,4.0,2.0,11.0,1.0,6.0,10.0,1.0,0.0,0.0,5.0,0.0,0.0,0.0,0.0,1.0,0.0,0.0,0.0,0.0,0.0
167,346-0.flo.cex,0.5643564356435643,101.0,57.0,7.733333333333333,1.0,0.0,0.0,15.0,3.0,0.0,16.0,10.0,3.0,25.0,5.0,0.0,6.0,5.0,2.0,2.0,2.0,2.0,2.0,6.0,0.0,1.0,7.0,1.0,0.0,1.0,2.0,0.0,0.0,0.0,0.0,0.0,0.0,0.0,0.0,0.0,0.0
168,094-3.flo.cex,0.7313432835820896,67.0,49.0,6.153846153846154,0.0,1.0,0.0,13.0,2.0,0.0,8.0,6.0,4.0,11.0,2.0,0.0,2.0,7.0,3.0,1.0,1.0,1.0,2.0,6.0,0.0,3.0,4.0,1.0,0.0,0.0,0.0,1.0,0.0,0.0,0.0,2.0,0.0,0.0,0.0,0.0,0.0
169,610-0.flo.cex,0.7288135593220338,59.0,43.0,8.375,0.0,0.0,0.0,8.0,2.0,0.0,9.0,6.0,3.0,13.0,1.0,0.0,0.0,1.0,4.0,1.0,0.0,0.0,0.0,5.0,1.0,1.0,7.0,0.0,0.0,1.0,2.0,0.0,0.0,0.0,2.0,0.0,0.0,0.0,0.0,0.0,0.0
170,527-0.flo.cex,0.5045871559633027,109.0,55.0,10.909090909090908,1.0,1.0,2.0,11.0,11.0,1.0,13.0,10.0,1.0,15.0,3.0,0.0,2.0,14.0,3.0,3.0,3.0,3.0,1.0,8.0,2.0,0.0,12.0,0.0,0.0,0.0,3.0,0.0,0.0,0.0,0.0,1.0,0.0,0.0,0.0,0.0,0.0
171,236-0.flo.cex,0.625,104.0,65.0,9.666666666666666,2.0,1.0,4.0,12.0,6.0,1.0,15.0,5.0,6.0,12.0,4.0,0.0,0.0,12.0,10.0,0.0,3.0,6.0,0.0,4.0,1.0,4.0,10.0,0.0,0.0,1.0,1.0,0.0,0.0,1.0,1.0,0.0,1.0,0.0,0.0,0.0,0.0
172,350-1.flo.cex,0.4407894736842105,152.0,67.0,6.666666666666667,1.0,1.0,5.0,27.0,6.0,1.0,22.0,11.0,7.0,23.0,4.0,0.0,0.0,16.0,11.0,5.0,1.0,5.0,0.0,10.0,0.0,4.0,19.0,3.0,0.0,2.0,2.0,0.0,0.0,0.0,1.0,0.0,0.0,0.0,0.0,0.0,0.0
173,235-2.flo.cex,0.4946236559139785,93.0,46.0,9.454545454545455,0.0,0.0,2.0,11.0,7.0,0.0,16.0,9.0,3.0,14.0,5.0,0.0,0.0,7.0,5.0,3.0,0.0,4.0,0.0,3.0,0.0,3.0,10.0,0.0,0.0,2.0,0.0,0.0,0.0,2.0,0.0,0.0,0.0,0.0,0.0,0.0,0.0
174,134-3.flo.cex,0.7272727272727273,66.0,48.0,8.333333333333334,1.0,0.0,1.0,9.0,2.0,1.0,13.0,10.0,0.0,10.0,2.0,0.0,0.0,5.0,5.0,0.0,1.0,1.0,5.0,3.0,0.0,2.0,2.0,1.0,0.0,1.0,1.0,1.0,0.0,0.0,0.0,0.0,0.0,0.0,0.0,0.0,0.0
175,349-0.flo.cex,0.4888888888888889,90.0,44.0,9.181818181818182,2.0,0.0,0.0,11.0,2.0,0.0,13.0,11.0,1.0,12.0,2.0,0.0,5.0,10.0,3.0,3.0,2.0,2.0,1.0,9.0,0.0,2.0,8.0,1.0,0.0,0.0,3.0,0.0,0.0,0.0,0.0,0.0,0.0,0.0,0.0,0.0,0.0
176,039-0.flo.cex,0.6483516483516484,91.0,59.0,11.11111111111111,1.0,0.0,1.0,9.0,3.0,0.0,14.0,10.0,3.0,20.0,0.0,1.0,0.0,8.0,2.0,2.0,3.0,3.0,0.0,6.0,1.0,2.0,10.0,0.0,0.0,1.0,1.0,0.0,0.0,1.0,0.0,0.0,0.0,0.0,0.0,0.0,0.0
177,257-2.flo.cex,0.41317365269461076,167.0,69.0,7.68,0.0,2.0,12.0,25.0,7.0,1.0,27.0,11.0,6.0,25.0,5.0,0.0,2.0,19.0,9.0,2.0,3.0,9.0,1.0,7.0,1.0,14.0,12.0,4.0,0.0,1.0,0.0,0.0,1.0,0.0,0.0,0.0,0.0,0.0,0.0,0.0,0.0
178,624-0.flo.cex,0.6730769230769231,52.0,35.0,9.666666666666666,1.0,0.0,0.0,6.0,5.0,0.0,8.0,4.0,2.0,11.0,4.0,0.0,1.0,4.0,1.0,3.0,1.0,0.0,0.0,4.0,0.0,0.0,4.0,0.0,0.0,0.0,0.0,0.0,0.0,0.0,0.0,0.0,0.0,0.0,0.0,0.0,0.0
179,450-1.flo.cex,0.6052631578947368,76.0,46.0,13.666666666666666,2.0,0.0,0.0,6.0,7.0,0.0,8.0,4.0,2.0,11.0,3.0,0.0,2.0,6.0,4.0,3.0,3.0,4.0,1.0,9.0,0.0,0.0,6.0,0.0,0.0,0.0,3.0,0.0,0.0,0.0,0.0,0.0,0.0,0.0,0.0,0.0,0.0
180,157-1.flo.cex,0.33509234828496043,379.0,127.0,13.516129032258064,5.0,4.0,6.0,31.0,25.0,2.0,53.0,39.0,22.0,68.0,2.0,0.0,2.0,33.0,24.0,3.0,8.0,12.0,5.0,20.0,2.0,4.0,34.0,3.0,8.0,2.0,11.0,0.0,0.0,2.0,3.0,1.0,0.0,0.0,0.0,0.0,0.0
181,120-0.flo.cex,0.5733333333333334,75.0,43.0,9.333333333333334,0.0,0.0,1.0,9.0,4.0,1.0,16.0,5.0,1.0,17.0,3.0,2.0,0.0,1.0,1.0,2.0,3.0,1.0,0.0,7.0,0.0,1.0,8.0,0.0,0.0,0.0,1.0,1.0,0.0,0.0,0.0,0.0,0.0,0.0,0.0,0.0,0.0
182,218-1.flo.cex,0.7407407407407407,54.0,40.0,4.176470588235294,1.0,0.0,1.0,17.0,1.0,0.0,8.0,1.0,5.0,17.0,0.0,0.0,0.0,3.0,4.0,0.0,0.0,0.0,1.0,1.0,1.0,1.0,3.0,0.0,0.0,1.0,4.0,0.0,1.0,1.0,0.0,0.0,0.0,1.0,0.0,0.0,0.0
183,356-1.flo.cex,0.6461538461538462,65.0,42.0,6.5,0.0,1.0,5.0,12.0,4.0,1.0,7.0,4.0,4.0,13.0,1.0,1.0,3.0,4.0,5.0,0.0,3.0,4.0,1.0,3.0,0.0,1.0,2.0,2.0,1.0,0.0,0.0,1.0,0.0,0.0,0.0,1.0,0.0,0.0,0.0,0.0,0.0
184,247-0.flo.cex,0.6037735849056604,106.0,64.0,9.833333333333334,0.0,1.0,2.0,12.0,4.0,0.0,18.0,12.0,1.0,19.0,2.0,0.0,1.0,12.0,2.0,2.0,2.0,5.0,0.0,10.0,0.0,4.0,8.0,0.0,0.0,0.0,2.0,0.0,0.0,2.0,0.0,0.0,0.0,0.0,0.0,0.0,0.0
185,018-0.flo.cex,0.5212765957446809,188.0,98.0,10.45,4.0,2.0,5.0,20.0,14.0,1.0,27.0,21.0,8.0,20.0,7.0,0.0,0.0,20.0,22.0,2.0,4.0,8.0,4.0,8.0,0.0,8.0,9.0,1.0,1.0,0.0,0.0,0.0,0.0,2.0,2.0,0.0,0.0,0.0,0.0,0.0,0.0
186,173-1.flo.cex,0.7222222222222222,36.0,26.0,6.142857142857143,1.0,0.0,0.0,7.0,3.0,1.0,5.0,1.0,2.0,5.0,2.0,0.0,2.0,2.0,5.0,1.0,0.0,1.0,0.0,2.0,0.0,0.0,2.0,1.0,0.0,0.0,0.0,0.0,0.0,1.0,0.0,0.0,0.0,0.0,0.0,0.0,0.0
187,220-1.flo.cex,0.7213114754098361,61.0,44.0,9.714285714285714,2.0,1.0,0.0,7.0,5.0,1.0,9.0,3.0,2.0,12.0,1.0,0.0,1.0,5.0,7.0,2.0,1.0,1.0,2.0,4.0,0.0,0.0,4.0,0.0,0.0,1.0,0.0,0.0,0.0,0.0,0.0,0.0,0.0,0.0,0.0,0.0,0.0
188,091-2.flo.cex,0.5074626865671642,67.0,34.0,10.571428571428571,0.0,0.0,0.0,7.0,6.0,0.0,14.0,8.0,0.0,15.0,3.0,0.0,1.0,2.0,0.0,1.0,1.0,1.0,0.0,7.0,0.0,0.0,7.0,0.0,0.0,0.0,1.0,0.0,0.0,0.0,0.0,0.0,0.0,0.0,0.0,0.0,0.0
189,515-1.flo.cex,0.65,80.0,52.0,9.88888888888889,1.0,0.0,2.0,9.0,8.0,1.0,13.0,3.0,1.0,9.0,6.0,0.0,2.0,6.0,4.0,1.0,4.0,4.0,1.0,8.0,0.0,2.0,3.0,0.0,0.0,0.0,2.0,0.0,0.0,2.0,0.0,0.0,0.0,0.0,0.0,0.0,0.0
190,097-1.flo.cex,0.7619047619047619,42.0,32.0,7.0,0.0,1.0,0.0,7.0,3.0,0.0,6.0,4.0,1.0,8.0,1.0,1.0,1.0,0.0,1.0,3.0,1.0,1.0,0.0,4.0,0.0,1.0,4.0,1.0,0.0,0.0,1.0,0.0,0.0,0.0,0.0,0.0,0.0,0.0,0.0,0.0,0.0
191,355-0.flo.cex,0.5252525252525253,99.0,52.0,9.5,1.0,1.0,0.0,12.0,8.0,0.0,16.0,13.0,0.0,15.0,5.0,0.0,1.0,7.0,5.0,2.0,0.0,1.0,0.0,10.0,0.0,2.0,10.0,1.0,3.0,1.0,0.0,0.0,0.0,0.0,1.0,1.0,0.0,0.0,0.0,0.0,0.0
192,672-0.flo.cex,0.5681818181818182,44.0,25.0,8.333333333333334,0.0,1.0,0.0,6.0,5.0,0.0,9.0,3.0,0.0,6.0,1.0,0.0,1.0,4.0,1.0,3.0,0.0,0.0,0.0,5.0,0.0,0.0,6.0,0.0,0.0,0.0,0.0,0.0,0.0,0.0,0.0,0.0,0.0,0.0,0.0,0.0,0.0
193,058-1.flo.cex,0.5597014925373134,134.0,75.0,10.0,0.0,0.0,1.0,15.0,7.0,5.0,24.0,18.0,3.0,30.0,8.0,0.0,0.0,5.0,0.0,1.0,1.0,3.0,0.0,7.0,0.0,1.0,12.0,0.0,1.0,4.0,3.0,0.0,0.0,2.0,0.0,0.0,0.0,0.0,0.0,0.0,0.0
194,010-1.flo.cex,0.533678756476684,193.0,103.0,8.84,1.0,0.0,4.0,25.0,14.0,0.0,24.0,13.0,7.0,29.0,5.0,0.0,3.0,18.0,13.0,2.0,5.0,12.0,4.0,13.0,2.0,6.0,16.0,1.0,2.0,3.0,3.0,0.0,0.0,0.0,1.0,0.0,0.0,0.0,0.0,0.0,0.0
195,221-1.flo.cex,0.5596330275229358,109.0,61.0,13.11111111111111,1.0,0.0,1.0,9.0,9.0,1.0,14.0,10.0,4.0,25.0,1.0,0.0,0.0,8.0,6.0,1.0,2.0,2.0,1.0,6.0,1.0,2.0,10.0,0.0,0.0,0.0,6.0,0.0,0.0,0.0,0.0,0.0,0.0,0.0,0.0,0.0,0.0
196,578-0.flo.cex,0.4946236559139785,186.0,92.0,12.0,0.0,0.0,0.0,17.0,7.0,4.0,34.0,29.0,3.0,39.0,17.0,0.0,0.0,10.0,3.0,1.0,3.0,1.0,0.0,11.0,2.0,8.0,8.0,0.0,1.0,2.0,3.0,0.0,0.0,1.0,0.0,0.0,0.0,0.0,0.0,0.0,0.0
197,585-0.flo.cex,0.6224489795918368,98.0,61.0,9.166666666666666,0.0,1.0,2.0,12.0,3.0,1.0,12.0,11.0,4.0,16.0,4.0,1.0,1.0,11.0,4.0,1.0,2.0,4.0,2.0,6.0,0.0,2.0,10.0,1.0,0.0,0.0,1.0,0.0,0.0,1.0,0.0,0.0,0.0,0.0,0.0,0.0,0.0
198,689-0.flo.cex,0.7142857142857143,42.0,30.0,8.0,0.0,0.0,1.0,6.0,3.0,0.0,6.0,3.0,0.0,8.0,1.0,0.0,3.0,3.0,2.0,1.0,1.0,1.0,0.0,3.0,1.0,0.0,4.0,1.0,0.0,1.0,0.0,0.0,0.0,0.0,0.0,0.0,0.0,0.0,0.0,0.0,0.0
199,362-0.flo.cex,0.7258064516129032,62.0,45.0,6.166666666666667,0.0,1.0,2.0,12.0,2.0,0.0,10.0,4.0,2.0,13.0,3.0,0.0,0.0,6.0,3.0,0.0,2.0,5.0,1.0,6.0,0.0,0.0,3.0,0.0,0.0,0.0,0.0,0.0,0.0,1.0,1.0,0.0,0.0,0.0,0.0,0.0,0.0
200,466-1.flo.cex,0.7692307692307693,39.0,30.0,7.5,0.0,0.0,0.0,6.0,2.0,0.0,9.0,4.0,1.0,7.0,1.0,0.0,2.0,2.0,0.0,1.0,1.0,0.0,0.0,4.0,0.0,1.0,3.0,1.0,0.0,0.0,0.0,0.0,0.0,0.0,0.0,0.0,0.0,0.0,0.0,0.0,0.0
201,344-2.flo.cex,0.5891472868217055,129.0,76.0,10.214285714285714,2.0,2.0,3.0,14.0,9.0,1.0,18.0,13.0,4.0,21.0,7.0,0.0,0.0,8.0,4.0,3.0,1.0,4.0,0.0,11.0,0.0,1.0,14.0,3.0,0.0,0.0,3.0,1.0,0.0,2.0,1.0,0.0,0.0,0.0,0.0,0.0,0.0
202,639-0.flo.cex,0.6964285714285714,56.0,39.0,9.0,1.0,0.0,1.0,7.0,1.0,0.0,11.0,6.0,0.0,10.0,1.0,0.0,0.0,5.0,4.0,1.0,1.0,1.0,0.0,7.0,0.0,2.0,6.0,0.0,0.0,0.0,0.0,0.0,0.0,0.0,0.0,0.0,0.0,0.0,0.0,0.0,0.0
203,544-1.flo.cex,0.68,50.0,34.0,11.0,0.0,0.0,0.0,5.0,3.0,0.0,9.0,6.0,1.0,12.0,1.0,0.0,1.0,2.0,0.0,1.0,2.0,0.0,0.0,6.0,0.0,0.0,5.0,0.0,0.0,0.0,1.0,0.0,0.0,0.0,0.0,0.0,0.0,0.0,0.0,0.0,0.0
204,122-0.flo.cex,0.6447368421052632,76.0,49.0,10.625,1.0,2.0,2.0,8.0,4.0,0.0,5.0,7.0,4.0,8.0,4.0,0.0,2.0,8.0,8.0,0.0,1.0,4.0,1.0,6.0,1.0,2.0,7.0,1.0,1.0,0.0,2.0,0.0,0.0,0.0,0.0,1.0,0.0,0.0,0.0,0.0,0.0
205,010-4.flo.cex,0.6756756756756757,37.0,25.0,5.625,0.0,0.0,1.0,8.0,0.0,0.0,6.0,4.0,4.0,2.0,5.0,0.0,1.0,3.0,1.0,0.0,1.0,1.0,0.0,3.0,0.0,1.0,5.0,0.0,0.0,0.0,0.0,0.0,0.0,0.0,0.0,0.0,0.0,0.0,0.0,0.0,0.0
206,497-0.flo.cex,0.5428571428571428,105.0,57.0,8.5,1.0,2.0,3.0,14.0,8.0,0.0,17.0,4.0,5.0,17.0,6.0,0.0,3.0,3.0,8.0,2.0,5.0,6.0,1.0,7.0,0.0,1.0,6.0,2.0,0.0,0.0,3.0,0.0,0.0,0.0,1.0,0.0,0.0,0.0,0.0,0.0,0.0
207,120-1.flo.cex,0.5869565217391305,92.0,54.0,8.153846153846153,3.0,0.0,2.0,13.0,1.0,0.0,15.0,6.0,2.0,21.0,6.0,0.0,3.0,2.0,6.0,3.0,2.0,3.0,0.0,8.0,0.0,3.0,7.0,1.0,1.0,0.0,2.0,0.0,0.0,0.0,1.0,0.0,0.0,0.0,0.0,0.0,0.0
208,216-0.flo.cex,0.5846153846153846,65.0,38.0,8.222222222222221,1.0,0.0,0.0,9.0,5.0,0.0,15.0,6.0,1.0,15.0,0.0,0.0,0.0,3.0,1.0,0.0,0.0,1.0,1.0,4.0,1.0,0.0,8.0,0.0,0.0,2.0,0.0,0.0,0.0,1.0,1.0,0.0,0.0,0.0,0.0,0.0,0.0
209,497-1.flo.cex,0.6410256410256411,78.0,50.0,7.0,1.0,2.0,1.0,13.0,4.0,1.0,15.0,5.0,1.0,14.0,4.0,0.0,5.0,3.0,5.0,1.0,2.0,3.0,3.0,6.0,0.0,2.0,2.0,2.0,0.0,0.0,0.0,0.0,0.0,0.0,0.0,0.0,0.0,0.0,0.0,0.0,0.0
210,707-0.flo.cex,0.6739130434782609,92.0,62.0,10.2,0.0,0.0,1.0,10.0,8.0,1.0,15.0,6.0,3.0,22.0,5.0,0.0,0.0,5.0,3.0,1.0,2.0,2.0,1.0,4.0,0.0,0.0,9.0,0.0,0.0,1.0,2.0,0.0,0.0,1.0,1.0,0.0,0.0,0.0,0.0,0.0,0.0
211,381-0.flo.cex,0.6615384615384615,65.0,43.0,7.0,1.0,1.0,1.0,11.0,1.0,0.0,12.0,6.0,1.0,8.0,7.0,0.0,1.0,5.0,4.0,0.0,1.0,3.0,1.0,6.0,1.0,4.0,3.0,1.0,1.0,0.0,0.0,0.0,0.0,0.0,0.0,0.0,0.0,0.0,0.0,0.0,0.0
212,592-0.flo.cex,0.4864864864864865,111.0,54.0,9.538461538461538,0.0,1.0,0.0,13.0,9.0,0.0,13.0,12.0,0.0,16.0,4.0,0.0,3.0,9.0,9.0,6.0,1.0,1.0,1.0,12.0,1.0,0.0,13.0,0.0,0.0,1.0,0.0,0.0,0.0,0.0,0.0,0.0,0.0,0.0,0.0,0.0,0.0
213,218-0.flo.cex,0.69,100.0,69.0,7.25,0.0,1.0,1.0,16.0,4.0,3.0,10.0,4.0,1.0,9.0,7.0,0.0,1.0,11.0,8.0,0.0,4.0,10.0,2.0,7.0,1.0,6.0,5.0,1.0,0.0,2.0,1.0,0.0,0.0,2.0,1.0,0.0,0.0,0.0,0.0,0.0,0.0
214,343-0.flo.cex,0.684931506849315,73.0,50.0,6.6923076923076925,2.0,1.0,1.0,13.0,2.0,0.0,12.0,4.0,3.0,16.0,1.0,0.0,1.0,3.0,7.0,3.0,1.0,1.0,10.0,1.0,0.0,0.0,4.0,1.0,0.0,0.0,3.0,0.0,0.0,0.0,1.0,0.0,0.0,0.0,0.0,0.0,0.0
215,361-0.flo.cex,0.6891891891891891,74.0,51.0,7.7272727272727275,1.0,0.0,3.0,11.0,5.0,0.0,16.0,7.0,1.0,14.0,3.0,0.0,1.0,5.0,4.0,0.0,1.0,4.0,1.0,2.0,1.0,1.0,5.0,0.0,0.0,1.0,0.0,0.0,0.0,2.0,0.0,0.0,0.0,0.0,0.0,0.0,0.0
216,184-1.flo.cex,0.4807692307692308,208.0,100.0,14.1875,1.0,0.0,8.0,16.0,12.0,4.0,24.0,20.0,4.0,29.0,4.0,0.0,0.0,33.0,11.0,4.0,4.0,6.0,1.0,11.0,3.0,17.0,15.0,1.0,3.0,0.0,3.0,0.0,0.0,1.0,0.0,1.0,0.0,0.0,0.0,0.0,0.0
217,369-0.flo.cex,0.6842105263157895,76.0,52.0,9.444444444444445,1.0,0.0,2.0,9.0,2.0,0.0,8.0,7.0,2.0,10.0,2.0,0.0,0.0,10.0,4.0,4.0,2.0,3.0,0.0,8.0,0.0,2.0,7.0,0.0,0.0,0.0,2.0,0.0,0.0,1.0,1.0,1.0,0.0,0.0,0.0,0.0,0.0
218,342-1.flo.cex,0.5859375,128.0,75.0,10.285714285714286,3.0,0.0,0.0,14.0,11.0,0.0,19.0,11.0,6.0,19.0,5.0,0.0,0.0,12.0,7.0,2.0,3.0,3.0,1.0,9.0,2.0,1.0,12.0,1.0,2.0,1.0,1.0,0.0,0.0,0.0,0.0,2.0,0.0,0.0,0.0,0.0,0.0
219,010-2.flo.cex,0.4624505928853755,253.0,117.0,9.193548387096774,2.0,0.0,3.0,31.0,10.0,5.0,31.0,21.0,7.0,41.0,7.0,0.0,4.0,21.0,16.0,4.0,5.0,9.0,5.0,18.0,1.0,3.0,20.0,3.0,1.0,3.0,6.0,4.0,1.0,2.0,1.0,3.0,1.0,1.0,0.0,0.0,0.0
220,172-1.flo.cex,0.5952380952380952,84.0,50.0,10.333333333333334,0.0,0.0,1.0,9.0,3.0,0.0,14.0,10.0,2.0,18.0,1.0,0.0,1.0,5.0,3.0,0.0,4.0,3.0,0.0,8.0,0.0,1.0,9.0,0.0,0.0,0.0,2.0,0.0,0.0,0.0,0.0,0.0,0.0,0.0,0.0,0.0,0.0
221,579-0.flo.cex,0.7692307692307693,39.0,30.0,7.5,1.0,0.0,2.0,6.0,0.0,0.0,7.0,4.0,0.0,6.0,3.0,0.0,1.0,2.0,2.0,2.0,2.0,2.0,0.0,5.0,0.0,1.0,2.0,0.0,0.0,0.0,0.0,0.0,0.0,0.0,0.0,0.0,0.0,0.0,0.0,0.0,0.0
222,049-1.flo.cex,0.5765765765765766,111.0,64.0,8.4,0.0,0.0,4.0,15.0,6.0,2.0,18.0,10.0,2.0,17.0,2.0,0.0,4.0,8.0,9.0,0.0,4.0,5.0,4.0,10.0,0.0,0.0,6.0,0.0,0.0,1.0,1.0,0.0,0.0,2.0,0.0,0.0,0.0,0.0,0.0,0.0,0.0
223,184-0.flo.cex,0.6373626373626373,91.0,58.0,10.1,1.0,0.0,2.0,10.0,3.0,0.0,13.0,8.0,5.0,22.0,2.0,0.0,6.0,6.0,5.0,0.0,2.0,5.0,0.0,2.0,2.0,2.0,4.0,0.0,0.0,0.0,1.0,0.0,0.0,2.0,1.0,0.0,0.0,0.0,0.0,0.0,0.0
224,168-1.flo.cex,0.6029411764705882,68.0,41.0,5.533333333333333,0.0,0.0,6.0,15.0,4.0,2.0,3.0,2.0,1.0,8.0,3.0,0.0,1.0,12.0,5.0,0.0,3.0,5.0,1.0,5.0,0.0,3.0,6.0,1.0,0.0,1.0,0.0,1.0,0.0,1.0,0.0,0.0,0.0,0.0,0.0,0.0,0.0
225,067-1.flo.cex,0.49504950495049505,101.0,50.0,10.272727272727273,2.0,3.0,3.0,11.0,6.0,0.0,16.0,9.0,2.0,19.0,0.0,0.0,3.0,7.0,7.0,2.0,5.0,5.0,0.0,9.0,0.0,1.0,7.0,0.0,1.0,1.0,2.0,0.0,0.0,0.0,0.0,0.0,0.0,0.0,0.0,0.0,0.0
226,183-2.flo.cex,0.7045454545454546,44.0,31.0,7.428571428571429,0.0,0.0,0.0,7.0,0.0,0.0,9.0,5.0,1.0,9.0,3.0,0.0,3.0,2.0,0.0,3.0,0.0,0.0,0.0,5.0,1.0,0.0,3.0,0.0,1.0,0.0,0.0,0.0,0.0,0.0,0.0,0.0,0.0,0.0,0.0,0.0,0.0
227,283-1.flo.cex,0.5172413793103449,116.0,60.0,9.923076923076923,0.0,0.0,2.0,13.0,9.0,0.0,13.0,12.0,9.0,13.0,6.0,0.0,1.0,12.0,9.0,2.0,5.0,5.0,2.0,5.0,0.0,1.0,10.0,0.0,0.0,0.0,1.0,0.0,0.0,0.0,0.0,1.0,0.0,0.0,0.0,0.0,0.0
228,033-0.flo.cex,0.5934959349593496,123.0,73.0,18.571428571428573,0.0,0.0,0.0,7.0,13.0,2.0,20.0,11.0,3.0,25.0,4.0,0.0,0.0,7.0,4.0,2.0,3.0,3.0,0.0,8.0,2.0,1.0,9.0,0.0,0.0,0.0,3.0,0.0,0.0,1.0,2.0,0.0,0.0,0.0,0.0,0.0,0.0
229,076-2.flo.cex,0.4098939929328622,283.0,116.0,11.107142857142858,1.0,4.0,19.0,28.0,19.0,0.0,17.0,23.0,13.0,25.0,3.0,0.0,0.0,46.0,19.0,4.0,12.0,18.0,3.0,21.0,1.0,13.0,26.0,3.0,0.0,0.0,8.0,2.0,0.0,4.0,2.0,1.0,0.0,0.0,0.0,0.0,0.0
230,703-0.flo.cex,0.6923076923076923,52.0,36.0,9.666666666666666,1.0,0.0,0.0,6.0,2.0,0.0,6.0,5.0,0.0,6.0,2.0,0.0,0.0,9.0,4.0,2.0,0.0,1.0,4.0,5.0,0.0,0.0,5.0,0.0,0.0,0.0,0.0,0.0,0.0,1.0,0.0,0.0,0.0,0.0,0.0,0.0,0.0
231,067-2.flo.cex,0.5132743362831859,113.0,58.0,8.533333333333333,1.0,3.0,2.0,15.0,5.0,0.0,18.0,8.0,8.0,17.0,1.0,0.0,0.0,14.0,7.0,6.0,2.0,2.0,6.0,4.0,0.0,4.0,9.0,0.0,0.0,0.0,1.0,0.0,0.0,0.0,1.0,0.0,0.0,0.0,0.0,0.0,0.0
232,057-2.flo.cex,0.4878048780487805,164.0,80.0,8.545454545454545,2.0,0.0,14.0,22.0,11.0,3.0,18.0,9.0,4.0,20.0,1.0,0.0,1.0,18.0,16.0,0.0,7.0,10.0,0.0,9.0,2.0,7.0,15.0,3.0,0.0,0.0,5.0,1.0,0.0,3.0,0.0,3.0,0.0,0.0,0.0,0.0,0.0
233,492-0.flo.cex,0.4881889763779528,127.0,62.0,12.545454545454545,0.0,0.0,2.0,11.0,14.0,0.0,15.0,10.0,3.0,17.0,7.0,0.0,2.0,9.0,3.0,5.0,4.0,5.0,1.0,7.0,0.0,1.0,15.0,0.0,0.0,3.0,1.0,2.0,0.0,0.0,2.0,1.0,0.0,0.0,0.0,0.0,0.0
234,005-2.flo.cex,0.7407407407407407,27.0,20.0,4.857142857142857,0.0,1.0,0.0,7.0,0.0,0.0,5.0,3.0,0.0,6.0,0.0,0.0,0.0,3.0,2.0,1.0,0.0,1.0,0.0,2.0,0.0,0.0,3.0,0.0,0.0,0.0,0.0,0.0,0.0,1.0,0.0,0.0,0.0,0.0,0.0,0.0,0.0
235,358-0.flo.cex,0.5774647887323944,71.0,41.0,8.1,0.0,0.0,2.0,10.0,9.0,0.0,10.0,2.0,2.0,14.0,1.0,0.0,2.0,3.0,0.0,2.0,4.0,5.0,0.0,6.0,1.0,0.0,6.0,0.0,0.0,1.0,3.0,0.0,0.0,0.0,0.0,0.0,0.0,0.0,0.0,0.0,0.0
236,279-0.flo.cex,0.5629139072847682,151.0,85.0,7.04,0.0,0.0,0.0,25.0,7.0,0.0,18.0,14.0,5.0,30.0,6.0,0.0,6.0,16.0,6.0,5.0,3.0,6.0,5.0,12.0,0.0,5.0,4.0,0.0,0.0,0.0,2.0,0.0,0.0,1.0,0.0,0.0,0.0,0.0,0.0,0.0,0.0
237,529-0.flo.cex,0.75,44.0,33.0,7.285714285714286,0.0,0.0,2.0,7.0,1.0,0.0,8.0,3.0,1.0,12.0,1.0,0.0,5.0,2.0,0.0,0.0,1.0,3.0,0.0,3.0,0.0,1.0,0.0,0.0,0.0,0.0,0.0,0.0,1.0,1.0,0.0,1.0,0.0,0.0,0.0,0.0,0.0
238,698-0.flo.cex,0.5357142857142857,84.0,45.0,8.636363636363637,2.0,0.0,1.0,11.0,5.0,0.0,16.0,3.0,3.0,19.0,5.0,0.0,3.0,3.0,8.0,1.0,1.0,2.0,3.0,4.0,0.0,0.0,6.0,0.0,0.0,2.0,0.0,0.0,0.0,0.0,0.0,0.0,0.0,0.0,0.0,0.0,0.0
239,154-0.flo.cex,0.625,104.0,65.0,10.454545454545455,2.0,0.0,1.0,11.0,5.0,3.0,12.0,12.0,4.0,17.0,3.0,0.0,3.0,13.0,5.0,3.0,1.0,1.0,0.0,6.0,1.0,3.0,10.0,0.0,0.0,0.0,1.0,0.0,0.0,0.0,0.0,0.0,0.0,1.0,0.0,0.0,0.0
240,205-1.flo.cex,0.6060606060606061,33.0,20.0,2.9411764705882355,0.0,0.0,0.0,17.0,1.0,0.0,3.0,3.0,0.0,22.0,2.0,0.0,0.0,0.0,0.0,0.0,0.0,0.0,0.0,2.0,0.0,0.0,0.0,0.0,0.0,0.0,0.0,0.0,0.0,0.0,0.0,0.0,0.0,0.0,0.0,0.0,0.0
241,269-0.flo.cex,0.53125,192.0,102.0,12.352941176470589,3.0,0.0,8.0,17.0,9.0,2.0,22.0,14.0,8.0,29.0,5.0,0.0,1.0,14.0,16.0,2.0,7.0,11.0,1.0,10.0,8.0,5.0,15.0,1.0,1.0,0.0,2.0,0.0,0.0,2.0,4.0,3.0,1.0,0.0,0.0,0.0,0.0
242,010-3.flo.cex,0.4233128834355828,163.0,69.0,10.764705882352942,1.0,0.0,2.0,17.0,10.0,1.0,28.0,14.0,3.0,39.0,4.0,0.0,7.0,10.0,6.0,3.0,3.0,3.0,3.0,6.0,1.0,2.0,10.0,4.0,3.0,4.0,2.0,0.0,0.0,0.0,0.0,0.0,0.0,0.0,0.0,0.0,0.0
243,216-1.flo.cex,0.5576923076923077,104.0,58.0,9.666666666666666,1.0,0.0,4.0,12.0,8.0,0.0,19.0,12.0,1.0,22.0,0.0,0.0,2.0,10.0,4.0,2.0,0.0,3.0,4.0,4.0,1.0,3.0,3.0,2.0,0.0,0.0,1.0,0.0,0.0,1.0,0.0,0.0,1.0,0.0,1.0,0.0,0.0
244,341-0.flo.cex,0.5512820512820513,78.0,43.0,8.8,1.0,1.0,1.0,10.0,4.0,0.0,8.0,9.0,0.0,13.0,3.0,0.0,0.0,9.0,3.0,1.0,2.0,1.0,1.0,9.0,1.0,0.0,9.0,2.0,0.0,0.0,3.0,0.0,0.0,0.0,0.0,0.0,0.0,0.0,0.0,0.0,0.0
245,001-2.flo.cex,0.5210084033613446,119.0,62.0,10.153846153846153,1.0,0.0,2.0,13.0,8.0,0.0,16.0,14.0,3.0,18.0,1.0,0.0,0.0,12.0,6.0,2.0,3.0,6.0,1.0,6.0,0.0,2.0,15.0,1.0,0.0,3.0,0.0,0.0,1.0,1.0,0.0,0.0,0.0,0.0,0.0,0.0,0.0
246,615-0.flo.cex,0.75,44.0,33.0,8.333333333333334,0.0,0.0,1.0,6.0,3.0,0.0,7.0,3.0,1.0,10.0,0.0,0.0,0.0,3.0,0.0,3.0,1.0,1.0,5.0,4.0,0.0,1.0,0.0,0.0,0.0,0.0,2.0,0.0,0.0,0.0,0.0,0.0,0.0,0.0,0.0,0.0,0.0
247,065-0.flo.cex,0.5284552845528455,123.0,65.0,11.25,0.0,0.0,2.0,12.0,11.0,0.0,20.0,13.0,4.0,31.0,0.0,0.0,0.0,7.0,5.0,2.0,2.0,3.0,0.0,4.0,0.0,0.0,13.0,0.0,0.0,1.0,5.0,0.0,0.0,2.0,0.0,0.0,0.0,0.0,0.0,0.0,0.0
248,601-0.flo.cex,0.5555555555555556,63.0,35.0,13.6,1.0,1.0,1.0,5.0,5.0,1.0,11.0,6.0,0.0,11.0,3.0,0.0,3.0,4.0,2.0,1.0,3.0,5.0,0.0,4.0,0.0,1.0,2.0,0.0,0.0,0.0,0.0,0.0,0.0,1.0,0.0,0.0,0.0,0.0,0.0,0.0,0.0
249,183-1.flo.cex,0.6851851851851852,54.0,37.0,7.0,0.0,0.0,2.0,9.0,0.0,0.0,11.0,6.0,0.0,15.0,1.0,0.0,7.0,2.0,0.0,2.0,1.0,1.0,1.0,3.0,0.0,1.0,2.0,0.0,0.0,0.0,1.0,0.0,0.0,0.0,0.0,0.0,0.0,0.0,0.0,0.0,0.0
250,212-0.flo.cex,0.5955882352941176,136.0,81.0,8.210526315789474,1.0,1.0,0.0,19.0,4.0,2.0,28.0,14.0,6.0,26.0,10.0,0.0,4.0,5.0,2.0,1.0,2.0,0.0,0.0,8.0,2.0,4.0,11.0,0.0,1.0,2.0,2.0,2.0,0.0,0.0,0.0,0.0,1.0,0.0,0.0,0.0,0.0
251,178-0.flo.cex,0.6571428571428571,35.0,23.0,6.833333333333333,0.0,0.0,1.0,6.0,5.0,0.0,5.0,1.0,0.0,7.0,1.0,0.0,0.0,1.0,0.0,3.0,1.0,1.0,0.0,4.0,0.0,0.0,5.0,0.0,0.0,0.0,1.0,0.0,0.0,0.0,0.0,0.0,0.0,0.0,0.0,0.0,0.0
252,282-0.flo.cex,0.5454545454545454,110.0,60.0,10.166666666666666,1.0,0.0,1.0,12.0,2.0,0.0,19.0,11.0,3.0,25.0,2.0,0.0,1.0,11.0,1.0,2.0,5.0,6.0,1.0,6.0,0.0,5.0,7.0,0.0,0.0,0.0,1.0,0.0,0.0,1.0,1.0,0.0,0.0,0.0,0.0,0.0,0.0
253,168-0.flo.cex,0.8235294117647058,17.0,14.0,9.5,0.0,0.0,0.0,2.0,0.0,0.0,4.0,3.0,0.0,5.0,0.0,0.0,1.0,0.0,0.0,0.0,1.0,1.0,0.0,1.0,0.0,0.0,1.0,0.0,0.0,0.0,0.0,0.0,0.0,0.0,0.0,0.0,0.0,0.0,0.0,0.0,0.0
254,164-1.flo.cex,0.6428571428571429,42.0,27.0,6.25,0.0,0.0,0.0,8.0,1.0,0.0,9.0,4.0,0.0,12.0,0.0,1.0,4.0,2.0,1.0,1.0,1.0,1.0,0.0,1.0,0.0,0.0,3.0,0.0,0.0,1.0,0.0,0.0,0.0,0.0,0.0,0.0,0.0,0.0,0.0,0.0,0.0
255,122-1.flo.cex,0.5903614457831325,83.0,49.0,9.4,3.0,1.0,2.0,10.0,3.0,0.0,11.0,5.0,4.0,14.0,2.0,0.0,3.0,5.0,13.0,1.0,1.0,3.0,0.0,5.0,0.0,4.0,5.0,0.0,1.0,2.0,0.0,0.0,0.0,1.0,1.0,0.0,0.0,0.0,0.0,0.0,0.0
256,660-0.flo.cex,0.6304347826086957,46.0,29.0,6.75,0.0,0.0,0.0,8.0,2.0,0.0,6.0,2.0,6.0,6.0,2.0,0.0,1.0,5.0,3.0,2.0,0.0,0.0,3.0,3.0,0.0,2.0,3.0,0.0,0.0,0.0,0.0,0.0,0.0,0.0,0.0,0.0,0.0,0.0,0.0,0.0,0.0
257,016-3.flo.cex,0.7954545454545454,44.0,35.0,9.8,0.0,1.0,1.0,5.0,3.0,0.0,7.0,6.0,1.0,12.0,1.0,0.0,2.0,1.0,1.0,0.0,1.0,1.0,0.0,4.0,0.0,1.0,2.0,0.0,0.0,0.0,0.0,1.0,0.0,0.0,0.0,0.0,0.0,0.0,0.0,0.0,0.0
258,695-0.flo.cex,0.6164383561643836,73.0,45.0,7.7272727272727275,1.0,2.0,0.0,11.0,3.0,0.0,10.0,5.0,2.0,12.0,1.0,1.0,1.0,4.0,8.0,0.0,2.0,1.0,1.0,7.0,1.0,0.0,11.0,0.0,0.0,2.0,0.0,0.0,0.0,0.0,1.0,0.0,0.0,1.0,0.0,0.0,0.0
259,058-0.flo.cex,0.6867469879518072,83.0,57.0,10.222222222222221,0.0,0.0,1.0,9.0,6.0,1.0,14.0,6.0,2.0,18.0,4.0,0.0,1.0,5.0,1.0,2.0,3.0,3.0,0.0,5.0,0.0,2.0,5.0,0.0,0.0,1.0,2.0,1.0,0.0,0.0,1.0,0.0,0.0,0.0,0.0,0.0,0.0
260,184-2.flo.cex,0.7027027027027027,74.0,52.0,13.5,0.0,0.0,2.0,6.0,4.0,0.0,9.0,11.0,2.0,13.0,4.0,0.0,4.0,5.0,6.0,1.0,1.0,2.0,0.0,4.0,0.0,1.0,3.0,0.0,1.0,0.0,2.0,0.0,0.0,0.0,1.0,0.0,0.0,1.0,0.0,0.0,0.0
261,226-0.flo.cex,0.4774774774774775,111.0,53.0,7.647058823529412,0.0,1.0,0.0,17.0,6.0,0.0,11.0,5.0,2.0,19.0,5.0,0.0,0.0,17.0,6.0,2.0,3.0,6.0,2.0,12.0,0.0,1.0,10.0,0.0,2.0,2.0,1.0,1.0,0.0,0.0,0.0,0.0,0.0,0.0,0.0,0.0,0.0
262,264-0.flo.cex,0.6460176991150443,113.0,73.0,8.0625,1.0,0.0,1.0,16.0,4.0,0.0,12.0,13.0,5.0,20.0,2.0,0.0,2.0,11.0,5.0,4.0,3.0,7.0,3.0,6.0,0.0,4.0,5.0,0.0,0.0,0.0,3.0,2.0,0.0,0.0,0.0,0.0,2.0,0.0,0.0,0.0,0.0
263,293-1.flo.cex,0.7647058823529411,51.0,39.0,4.642857142857143,0.0,1.0,1.0,14.0,1.0,1.0,3.0,3.0,1.0,16.0,3.0,0.0,1.0,4.0,3.0,0.0,0.0,3.0,0.0,3.0,2.0,1.0,3.0,1.0,0.0,0.0,0.0,1.0,0.0,1.0,0.0,0.0,0.0,0.0,0.0,0.0,0.0
264,148-0.flo.cex,0.660377358490566,53.0,35.0,6.888888888888889,2.0,0.0,0.0,9.0,2.0,0.0,13.0,3.0,0.0,11.0,1.0,0.0,1.0,3.0,6.0,1.0,0.0,0.0,2.0,3.0,0.0,1.0,5.0,0.0,0.0,0.0,0.0,0.0,0.0,0.0,1.0,0.0,0.0,0.0,0.0,0.0,0.0
265,620-0.flo.cex,0.49612403100775193,129.0,64.0,8.588235294117647,0.0,0.0,3.0,17.0,1.0,1.0,17.0,10.0,6.0,22.0,3.0,0.0,6.0,12.0,5.0,2.0,3.0,7.0,2.0,15.0,0.0,1.0,10.0,1.0,0.0,0.0,3.0,0.0,0.0,2.0,0.0,0.0,0.0,0.0,0.0,0.0,0.0
266,635-0.flo.cex,0.6818181818181818,44.0,30.0,9.8,1.0,0.0,0.0,5.0,1.0,1.0,9.0,3.0,2.0,12.0,2.0,0.0,2.0,1.0,3.0,0.0,0.0,0.0,0.0,2.0,1.0,0.0,4.0,0.0,0.0,0.0,0.0,0.0,0.0,0.0,1.0,0.0,0.0,0.0,0.0,0.0,0.0
267,051-1.flo.cex,0.6619718309859155,71.0,47.0,6.916666666666667,1.0,1.0,3.0,12.0,2.0,0.0,12.0,2.0,0.0,12.0,2.0,1.0,0.0,9.0,3.0,2.0,2.0,6.0,0.0,7.0,0.0,5.0,5.0,1.0,0.0,0.0,0.0,0.0,0.0,0.0,0.0,0.0,0.0,0.0,0.0,0.0,0.0
268,355-1.flo.cex,0.4636363636363636,110.0,51.0,8.928571428571429,1.0,0.0,4.0,14.0,10.0,0.0,18.0,10.0,0.0,16.0,1.0,0.0,0.0,13.0,4.0,1.0,5.0,7.0,2.0,9.0,0.0,1.0,13.0,0.0,1.0,0.0,0.0,0.0,0.0,0.0,0.0,0.0,0.0,0.0,0.0,0.0,0.0
269,690-0.flo.cex,0.6619718309859155,71.0,47.0,11.142857142857142,0.0,0.0,2.0,7.0,6.0,0.0,10.0,7.0,3.0,7.0,3.0,0.0,0.0,9.0,0.0,1.0,3.0,5.0,0.0,3.0,0.0,3.0,7.0,1.0,0.0,1.0,0.0,1.0,0.0,1.0,0.0,0.0,0.0,0.0,0.0,0.0,0.0
270,058-4.flo.cex,0.5816326530612245,98.0,57.0,20.6,0.0,0.0,1.0,5.0,6.0,1.0,13.0,12.0,2.0,17.0,1.0,0.0,0.0,11.0,4.0,2.0,3.0,3.0,0.0,7.0,0.0,3.0,10.0,0.0,0.0,1.0,2.0,0.0,0.0,0.0,0.0,0.0,0.0,0.0,0.0,0.0,0.0
271,506-0.flo.cex,0.5892857142857143,56.0,33.0,7.222222222222222,2.0,0.0,0.0,9.0,3.0,0.0,8.0,4.0,0.0,13.0,0.0,0.0,1.0,4.0,2.0,1.0,2.0,2.0,0.0,5.0,0.0,2.0,7.0,0.0,0.0,0.0,2.0,0.0,0.0,0.0,0.0,0.0,0.0,0.0,0.0,0.0,0.0
272,282-2.flo.cex,0.5151515151515151,132.0,68.0,15.777777777777779,0.0,0.0,4.0,9.0,7.0,0.0,21.0,14.0,6.0,22.0,4.0,0.0,1.0,10.0,4.0,5.0,3.0,7.0,1.0,9.0,1.0,1.0,11.0,0.0,1.0,0.0,2.0,0.0,0.0,2.0,1.0,0.0,0.0,0.0,0.0,0.0,0.0
273,526-1.flo.cex,0.4827586206896552,145.0,70.0,11.5,1.0,0.0,0.0,14.0,11.0,0.0,17.0,16.0,5.0,13.0,2.0,0.0,0.0,27.0,8.0,2.0,3.0,5.0,2.0,10.0,0.0,0.0,20.0,0.0,1.0,2.0,2.0,0.0,0.0,0.0,1.0,0.0,0.0,0.0,0.0,0.0,0.0
274,289-2.flo.cex,0.6901408450704225,71.0,49.0,9.875,1.0,0.0,1.0,8.0,5.0,0.0,10.0,7.0,1.0,16.0,2.0,0.0,2.0,5.0,3.0,1.0,2.0,3.0,0.0,5.0,0.0,1.0,6.0,0.0,0.0,0.0,2.0,0.0,0.0,0.0,0.0,0.0,0.0,0.0,0.0,0.0,0.0
275,466-0.flo.cex,0.6575342465753424,73.0,48.0,9.11111111111111,0.0,0.0,0.0,9.0,1.0,0.0,17.0,10.0,2.0,19.0,4.0,0.0,3.0,2.0,1.0,1.0,0.0,0.0,0.0,3.0,1.0,1.0,6.0,0.0,0.0,1.0,1.0,0.0,0.0,0.0,0.0,0.0,0.0,0.0,0.0,0.0,0.0
276,342-0.flo.cex,0.594059405940594,101.0,60.0,7.3125,1.0,0.0,0.0,16.0,6.0,0.0,11.0,9.0,5.0,14.0,4.0,0.0,0.0,13.0,8.0,0.0,1.0,4.0,1.0,8.0,0.0,2.0,12.0,1.0,0.0,0.0,0.0,0.0,1.0,1.0,0.0,0.0,0.0,0.0,0.0,0.0,0.0
277,562-0.flo.cex,0.6753246753246753,77.0,52.0,7.416666666666667,1.0,0.0,2.0,12.0,1.0,0.0,5.0,10.0,3.0,9.0,5.0,0.0,1.0,13.0,4.0,2.0,1.0,1.0,2.0,5.0,1.0,3.0,8.0,1.0,0.0,0.0,2.0,0.0,0.0,0.0,0.0,0.0,0.0,0.0,0.0,0.0,0.0
278,033-2.flo.cex,0.7088607594936709,79.0,56.0,6.642857142857143,0.0,0.0,1.0,14.0,1.0,0.0,14.0,11.0,0.0,14.0,6.0,1.0,0.0,3.0,1.0,2.0,1.0,2.0,0.0,11.0,0.0,5.0,5.0,0.0,0.0,0.0,2.0,0.0,0.0,0.0,0.0,0.0,0.0,0.0,0.0,0.0,0.0
279,581-0.flo.cex,0.4666666666666667,120.0,56.0,16.0,1.0,0.0,2.0,8.0,5.0,0.0,23.0,17.0,1.0,22.0,1.0,1.0,0.0,8.0,7.0,5.0,3.0,5.0,0.0,6.0,0.0,2.0,11.0,1.0,0.0,0.0,0.0,0.0,0.0,0.0,2.0,0.0,0.0,0.0,0.0,0.0,0.0
280,181-0.flo.cex,0.74,50.0,37.0,7.25,1.0,0.0,1.0,8.0,0.0,0.0,6.0,5.0,0.0,9.0,5.0,0.0,1.0,5.0,2.0,4.0,0.0,0.0,1.0,5.0,0.0,2.0,5.0,0.0,0.0,0.0,0.0,0.0,0.0,0.0,0.0,0.0,0.0,0.0,0.0,0.0,0.0
281,181-1.flo.cex,0.4067796610169492,118.0,48.0,9.428571428571429,1.0,0.0,0.0,14.0,6.0,0.0,21.0,19.0,9.0,14.0,6.0,0.0,0.0,13.0,1.0,3.0,0.0,0.0,0.0,9.0,0.0,0.0,16.0,0.0,0.0,0.0,1.0,0.0,0.0,0.0,0.0,0.0,0.0,0.0,0.0,0.0,0.0
282,172-2.flo.cex,0.6451612903225806,62.0,40.0,16.5,0.0,0.0,1.0,4.0,6.0,2.0,10.0,6.0,3.0,11.0,3.0,0.0,2.0,0.0,4.0,2.0,2.0,2.0,0.0,5.0,0.0,1.0,2.0,0.0,0.0,0.0,1.0,0.0,0.0,0.0,0.0,0.0,0.0,0.0,0.0,0.0,0.0
283,190-1.flo.cex,0.6521739130434783,69.0,45.0,12.666666666666666,0.0,0.0,3.0,6.0,6.0,0.0,9.0,6.0,1.0,8.0,3.0,0.0,2.0,8.0,1.0,2.0,3.0,4.0,1.0,8.0,0.0,2.0,4.0,0.0,1.0,0.0,1.0,0.0,0.0,0.0,0.0,0.0,0.0,0.0,0.0,0.0,0.0
284,078-0.flo.cex,0.46601941747572817,103.0,48.0,7.4375,0.0,0.0,0.0,16.0,7.0,0.0,16.0,8.0,3.0,26.0,4.0,0.0,4.0,4.0,2.0,1.0,2.0,3.0,0.0,8.0,0.0,2.0,6.0,1.0,0.0,1.0,1.0,2.0,0.0,1.0,1.0,0.0,0.0,0.0,0.0,0.0,0.0
285,046-0.flo.cex,0.6891891891891891,74.0,51.0,6.285714285714286,0.0,1.0,1.0,14.0,3.0,0.0,12.0,6.0,2.0,14.0,5.0,0.0,2.0,5.0,7.0,1.0,0.0,1.0,5.0,4.0,0.0,3.0,3.0,0.0,0.0,0.0,1.0,0.0,0.0,0.0,0.0,0.0,0.0,0.0,0.0,0.0,0.0
286,213-3.flo.cex,0.6714285714285714,70.0,47.0,7.363636363636363,0.0,2.0,2.0,11.0,2.0,0.0,8.0,5.0,4.0,16.0,0.0,0.0,1.0,7.0,4.0,0.0,2.0,4.0,0.0,4.0,0.0,2.0,7.0,1.0,0.0,2.0,0.0,0.0,0.0,1.0,0.0,0.0,0.0,0.0,0.0,0.0,0.0
287,338-0.flo.cex,0.7111111111111111,45.0,32.0,8.5,0.0,0.0,0.0,6.0,2.0,0.0,8.0,4.0,0.0,11.0,1.0,0.0,2.0,4.0,1.0,1.0,0.0,0.0,0.0,4.0,0.0,1.0,5.0,0.0,0.0,0.0,1.0,0.0,0.0,0.0,0.0,0.0,0.0,0.0,0.0,0.0,0.0
288,465-0.flo.cex,0.48214285714285715,56.0,27.0,15.0,0.0,0.0,2.0,4.0,4.0,0.0,11.0,3.0,0.0,10.0,4.0,0.0,3.0,3.0,1.0,3.0,2.0,2.0,0.0,6.0,0.0,0.0,4.0,0.0,0.0,0.0,0.0,0.0,0.0,0.0,0.0,0.0,0.0,0.0,0.0,0.0,0.0
289,504-0.flo.cex,0.512396694214876,121.0,62.0,13.1,0.0,0.0,9.0,10.0,9.0,1.0,16.0,10.0,2.0,13.0,3.0,1.0,1.0,9.0,5.0,4.0,5.0,13.0,0.0,8.0,0.0,5.0,4.0,0.0,0.0,2.0,4.0,1.0,0.0,3.0,0.0,2.0,0.0,0.0,0.0,0.0,0.0
290,091-0.flo.cex,0.5476190476190477,84.0,46.0,11.5,0.0,0.0,0.0,8.0,9.0,0.0,16.0,11.0,0.0,12.0,5.0,0.0,1.0,4.0,2.0,2.0,0.0,0.0,1.0,8.0,2.0,1.0,9.0,0.0,0.0,0.0,1.0,0.0,0.0,0.0,0.0,0.0,0.0,0.0,0.0,0.0,0.0
291,450-0.flo.cex,0.6095238095238096,105.0,64.0,9.75,1.0,0.0,3.0,12.0,7.0,0.0,9.0,6.0,5.0,12.0,3.0,0.0,2.0,13.0,6.0,4.0,2.0,6.0,0.0,12.0,1.0,1.0,10.0,3.0,0.0,0.0,1.0,1.0,0.0,1.0,0.0,0.0,0.0,0.0,0.0,0.0,0.0
292,127-0.flo.cex,0.6888888888888889,45.0,31.0,12.25,1.0,0.0,0.0,4.0,3.0,0.0,9.0,2.0,0.0,7.0,1.0,0.0,3.0,4.0,2.0,1.0,1.0,2.0,0.0,5.0,0.0,0.0,4.0,0.0,0.0,0.0,0.0,0.0,0.0,1.0,0.0,0.0,0.0,0.0,0.0,0.0,0.0
293,270-2.flo.cex,0.57,100.0,57.0,8.76923076923077,1.0,1.0,0.0,13.0,2.0,0.0,16.0,12.0,4.0,19.0,2.0,0.0,1.0,11.0,2.0,0.0,1.0,3.0,0.0,5.0,1.0,4.0,13.0,0.0,1.0,4.0,0.0,0.0,0.0,0.0,0.0,0.0,0.0,0.0,0.0,0.0,0.0
294,350-0.flo.cex,0.41566265060240964,166.0,69.0,7.958333333333333,0.0,0.0,2.0,24.0,13.0,1.0,24.0,12.0,3.0,27.0,11.0,0.0,2.0,16.0,6.0,4.0,1.0,2.0,4.0,12.0,3.0,2.0,16.0,0.0,1.0,2.0,5.0,0.0,0.0,0.0,0.0,0.0,0.0,0.0,0.0,0.0,0.0
295,282-1.flo.cex,0.4742268041237113,97.0,46.0,8.461538461538462,0.0,0.0,0.0,13.0,1.0,0.0,18.0,10.0,4.0,23.0,3.0,0.0,1.0,6.0,1.0,4.0,0.0,0.0,1.0,10.0,0.0,1.0,10.0,0.0,0.0,0.0,3.0,0.0,1.0,0.0,0.0,0.0,0.0,0.0,0.0,0.0,0.0
296,269-1.flo.cex,0.603448275862069,116.0,70.0,10.0,1.0,0.0,4.0,13.0,6.0,0.0,12.0,9.0,3.0,17.0,3.0,0.0,1.0,15.0,9.0,3.0,4.0,5.0,2.0,7.0,0.0,4.0,9.0,0.0,0.0,1.0,4.0,0.0,0.0,1.0,1.0,1.0,0.0,0.0,0.0,0.0,0.0
297,360-0.flo.cex,0.5205479452054794,73.0,38.0,8.4,0.0,2.0,3.0,10.0,6.0,0.0,7.0,1.0,2.0,11.0,1.0,0.0,4.0,9.0,5.0,1.0,2.0,4.0,0.0,6.0,0.0,3.0,6.0,2.0,1.0,2.0,1.0,0.0,0.0,0.0,0.0,0.0,0.0,0.0,0.0,0.0,0.0
298,237-1.flo.cex,0.5784313725490197,102.0,59.0,12.333333333333334,1.0,0.0,0.0,9.0,4.0,0.0,17.0,13.0,0.0,19.0,5.0,0.0,3.0,6.0,3.0,2.0,4.0,2.0,0.0,5.0,0.0,1.0,10.0,1.0,0.0,1.0,4.0,0.0,0.0,1.0,0.0,0.0,0.0,1.0,0.0,0.0,0.0
299,207-0.flo.cex,0.3065015479876161,323.0,99.0,5.753623188405797,10.0,4.0,30.0,69.0,6.0,0.0,42.0,16.0,5.0,49.0,3.0,0.0,1.0,29.0,44.0,7.0,5.0,25.0,1.0,13.0,0.0,19.0,27.0,19.0,4.0,3.0,1.0,2.0,0.0,5.0,0.0,2.0,0.0,0.0,0.0,0.0,0.0
300,559-0.flo.cex,0.6060606060606061,66.0,40.0,10.428571428571429,0.0,0.0,2.0,7.0,8.0,0.0,10.0,3.0,2.0,10.0,2.0,0.0,3.0,5.0,1.0,3.0,2.0,4.0,1.0,5.0,1.0,1.0,5.0,0.0,0.0,0.0,0.0,0.0,0.0,0.0,0.0,0.0,0.0,0.0,0.0,0.0,0.0
301,030-0.flo.cex,0.49171270718232046,181.0,89.0,11.647058823529411,0.0,0.0,0.0,17.0,7.0,2.0,33.0,22.0,5.0,40.0,7.0,0.0,0.0,9.0,6.0,2.0,2.0,0.0,1.0,12.0,2.0,3.0,20.0,0.0,0.0,4.0,3.0,0.0,0.0,0.0,0.0,1.0,0.0,0.0,0.0,0.0,0.0
302,023-0.flo.cex,0.6043956043956044,91.0,55.0,10.1,2.0,0.0,1.0,10.0,2.0,0.0,11.0,8.0,4.0,14.0,1.0,0.0,3.0,8.0,7.0,1.0,3.0,5.0,2.0,8.0,0.0,4.0,3.0,1.0,0.0,1.0,2.0,0.0,2.0,0.0,0.0,0.0,0.0,0.0,1.0,0.0,0.0
303,642-0.flo.cex,0.6555555555555556,90.0,59.0,7.428571428571429,2.0,0.0,2.0,14.0,4.0,0.0,11.0,7.0,3.0,10.0,5.0,0.0,1.0,13.0,9.0,0.0,0.0,3.0,2.0,4.0,0.0,3.0,6.0,3.0,0.0,1.0,1.0,2.0,0.0,2.0,0.0,0.0,0.0,0.0,0.0,0.0,0.0
304,005-0.flo.cex,0.6545454545454545,55.0,36.0,7.111111111111111,0.0,1.0,2.0,9.0,0.0,0.0,9.0,2.0,1.0,12.0,1.0,0.0,1.0,3.0,4.0,2.0,1.0,3.0,2.0,7.0,0.0,3.0,4.0,0.0,0.0,0.0,0.0,0.0,0.0,0.0,0.0,0.0,0.0,0.0,0.0,0.0,0.0
305,157-2.flo.cex,0.6283185840707964,113.0,71.0,12.4,1.0,1.0,4.0,10.0,7.0,0.0,10.0,8.0,3.0,14.0,2.0,1.0,1.0,13.0,11.0,3.0,4.0,10.0,4.0,5.0,3.0,0.0,7.0,1.0,1.0,1.0,4.0,0.0,0.0,1.0,0.0,0.0,0.0,0.0,0.0,0.0,0.0
306,470-1.flo.cex,0.5867768595041323,121.0,71.0,6.761904761904762,1.0,3.0,5.0,21.0,3.0,0.0,8.0,8.0,1.0,13.0,3.0,1.0,0.0,19.0,4.0,2.0,5.0,10.0,1.0,13.0,0.0,4.0,14.0,5.0,0.0,0.0,3.0,0.0,0.0,3.0,1.0,0.0,0.0,0.0,0.0,0.0,0.0
307,260-1.flo.cex,0.72,50.0,36.0,7.25,1.0,0.0,0.0,8.0,0.0,1.0,9.0,2.0,1.0,12.0,1.0,0.0,1.0,3.0,3.0,1.0,2.0,1.0,0.0,3.0,0.0,1.0,7.0,0.0,0.0,0.0,2.0,0.0,0.0,0.0,0.0,0.0,0.0,0.0,0.0,0.0,0.0
308,488-0.flo.cex,0.6153846153846154,65.0,40.0,10.285714285714286,0.0,0.0,1.0,7.0,2.0,0.0,9.0,9.0,1.0,10.0,3.0,1.0,1.0,7.0,1.0,1.0,2.0,2.0,0.0,4.0,0.0,2.0,5.0,0.0,0.0,2.0,2.0,1.0,0.0,0.0,0.0,0.0,0.0,0.0,0.0,0.0,0.0
