,index,Filename,Date,JDate,Julian,TTR,WordCount,UniqueWords,MLU,Fillers,NSNouns,LIVerbs,$,'',",",.,:,CC,CD,DT,EX,IN,JJ,JJR,JJS,MD,NN,NNP,NNPS,NNS,PDT,POS,PRP,PRP$,RB,RBR,RP,TO,UH,VB,VBD,VBG,VBN,VBP,VBZ,WDT,WP,WRB,``,RBS,FW,WP$,Segment,WC,Analytic,Clout,Authentic,Tone,WPS,Sixltr,Dic,function,pronoun,ppron,i,we,you,shehe,they,ipron,article,prep,auxverb,adverb,conj,negate,verb,adj,compare,interrog,number,quant,affect,posemo,negemo,anx,anger,sad,social,family,friend,female,male,cogproc,insight,cause,discrep,tentat,certain,differ,percept,see,hear,feel,bio,body,health,sexual,ingest,drives,affiliation,achieve,power,reward,risk,focuspast,focuspresent,focusfuture,relativ,motion,space,time,work,leisure,home,money,relig,death,informal,swear,netspeak,assent,nonflu,filler,AllPunc,Period,Comma,Colon,SemiC,QMark,Exclam,Dash,Quote,Apostro,Parenth,OtherP,Nouns,Nouns/100,NounsNormalised,Adjectives,Adjectives/100,AdjectivesNormalised,Adverbs,Adverbs/100,AdverbsNormalised,Verbs,Verbs/100,VerbsNormalised,Pronouns,PronounsNormalised
0,0,Reagan - Speech1 - Edited.txt,29/01/1981,1981-01-29,2444633.5,0.2882032667876588,2755.0,794.0,23.852713178294568,10.0,9.0,131.0,0.0,2.0,192.0,129.0,5.0,106.0,24.0,293.0,14.0,348.0,136.0,4.0,2.0,66.0,304.0,104.0,6.0,100.0,4.0,2.0,246.0,28.0,185.0,3.0,15.0,110.0,7.0,184.0,57.0,54.0,71.0,153.0,62.0,25.0,21.0,9.0,2.0,3.0,0.0,1.0,1,2685,48.88,69.91,50.78,51.56,20.65,17.17,90.32,61.04,17.39,8.86,3.24,2.91,1.04,0.07,1.6,8.53,6.74,15.49,11.62,5.4,7.19,1.97,19.22,3.58,2.09,1.45,1.42,2.53,3.58,2.42,1.04,0.04,0.45,0.07,9.61,0.0,0.11,0.07,0.15,13.22,3.5,1.6,2.16,2.64,1.71,3.13,1.56,0.56,0.52,0.34,0.48,0.3,0.04,0.0,0.15,9.35,3.84,1.71,3.09,1.01,0.45,4.39,12.7,1.53,13.48,2.09,7.52,4.32,3.65,0.07,0.19,0.56,0.19,0.04,0.74,0.0,0.04,0.22,0.48,0.0,15.83,4.8,7.19,0.04,0.15,0.11,0.0,0.34,0.15,2.83,0.0,0.22,514.0,5.14,0.18656987295825772,142.0,1.42,0.051542649727767696,191.0,1.91,0.06932849364791288,581.0,5.81,0.21088929219600727,274.0,0.09945553539019963
1,1,Reagan - Speech2 - Edited.txt,06/03/1981,1981-03-06,2444669.5,0.2620533182076007,3526.0,924.0,24.2875,10.0,9.0,121.0,2.0,5.0,197.0,160.0,4.0,132.0,34.0,383.0,21.0,458.0,173.0,6.0,7.0,81.0,418.0,81.0,5.0,140.0,5.0,3.0,327.0,38.0,223.0,5.0,11.0,114.0,6.0,189.0,87.0,102.0,87.0,192.0,96.0,38.0,31.0,19.0,5.0,1.0,0.0,0.0,1,3463,49.46,76.39,45.55,52.3,21.64,16.23,90.53,61.91,18.08,9.44,2.92,4.53,0.72,0.09,1.18,8.61,7.62,14.84,11.29,5.23,6.81,2.19,19.52,3.23,2.14,1.93,1.79,2.45,4.01,2.69,1.27,0.29,0.2,0.26,10.42,0.03,0.26,0.09,0.06,13.66,3.61,1.93,2.17,2.97,1.33,3.38,1.39,0.55,0.52,0.17,0.81,0.12,0.64,0.09,0.09,11.03,5.08,1.76,2.45,1.53,0.72,4.27,12.71,1.91,12.68,2.14,6.5,4.22,3.12,0.06,0.17,1.3,0.12,0.35,0.61,0.0,0.0,0.14,0.4,0.06,13.8,4.56,5.8,0.06,0.06,0.12,0.0,0.17,0.29,2.69,0.0,0.06,644.0,6.44,0.18264322178105502,186.0,1.86,0.052750992626205334,229.0,2.29,0.06494611457742484,753.0,7.53,0.2135564378899603,365.0,0.10351673284174702
2,2,Reagan - Speech3 - Edited.txt,16/06/1981,1981-06-16,2444771.5,0.2768086931655705,3497.0,968.0,23.62576687116564,16.0,8.0,117.0,1.0,2.0,189.0,164.0,0.0,134.0,48.0,381.0,11.0,442.0,194.0,7.0,9.0,67.0,399.0,117.0,4.0,146.0,4.0,2.0,306.0,40.0,220.0,3.0,14.0,121.0,1.0,175.0,84.0,82.0,96.0,184.0,113.0,42.0,27.0,19.0,2.0,1.0,0.0,0.0,1,3447,52.25,58.6,57.88,34.32,21.02,17.09,90.28,60.57,17.46,8.73,3.92,2.12,1.07,0.26,1.36,8.73,7.95,14.51,10.79,5.31,6.73,2.32,19.0,3.54,2.0,1.86,1.89,1.94,4.29,2.38,1.89,0.29,0.93,0.2,8.65,0.03,0.15,0.09,0.41,13.05,3.51,2.41,1.57,2.44,1.31,3.42,1.91,0.81,0.81,0.23,0.55,0.23,0.32,0.0,0.0,8.88,3.22,1.62,3.45,0.73,0.55,4.03,12.59,1.45,13.17,2.26,7.02,4.0,3.05,0.09,0.38,1.25,0.0,0.09,0.58,0.0,0.03,0.06,0.49,0.0,13.87,4.67,5.51,0.0,0.0,0.2,0.0,0.52,0.12,2.7,0.0,0.15,666.0,6.66,0.19044895624821276,210.0,2.1,0.0600514726908779,224.0,2.24,0.06405490420360309,734.0,7.34,0.20989419502430653,346.0,0.09894195024306549
3,3,Reagan - Speech5 - Edited.txt,10/11/1981,1981-11-10,2444918.5,0.2672556598564329,3622.0,968.0,24.570552147239265,13.0,10.0,140.0,3.0,4.0,218.0,163.0,6.0,144.0,32.0,397.0,20.0,496.0,194.0,16.0,6.0,74.0,452.0,84.0,6.0,133.0,4.0,2.0,306.0,58.0,205.0,2.0,14.0,118.0,4.0,196.0,59.0,78.0,106.0,191.0,125.0,43.0,19.0,22.0,4.0,1.0,0.0,0.0,1,3553,51.56,73.39,47.54,45.96,21.8,16.97,90.49,61.05,17.39,8.75,2.79,3.72,0.79,0.48,0.99,8.64,7.49,15.14,11.54,5.32,7.01,1.77,18.91,4.02,2.56,1.8,1.75,2.36,3.91,2.48,1.38,0.2,0.42,0.2,9.68,0.11,0.14,0.42,0.11,13.43,3.66,1.55,1.69,3.18,1.66,3.35,1.41,0.42,0.7,0.23,0.65,0.14,0.48,0.0,0.03,9.37,4.5,1.66,2.25,1.27,0.62,3.29,13.26,2.03,13.0,2.31,6.36,4.64,3.18,0.2,0.45,1.63,0.03,0.06,0.76,0.03,0.17,0.14,0.39,0.03,14.55,4.45,6.22,0.06,0.11,0.14,0.0,0.53,0.23,2.65,0.0,0.17,675.0,6.75,0.18636112644947542,216.0,2.16,0.05963556046383214,208.0,2.08,0.05742683600220872,755.0,7.55,0.20844837106570954,364.0,0.10049696300386526
4,4,Reagan - Speech6 - Edited.txt,17/12/1981,1981-12-17,2444955.5,0.2540311921755221,3783.0,961.0,25.005988023952092,9.0,13.0,134.0,2.0,3.0,221.0,168.0,9.0,173.0,41.0,432.0,16.0,497.0,182.0,8.0,2.0,94.0,474.0,89.0,3.0,146.0,3.0,4.0,334.0,54.0,240.0,1.0,21.0,102.0,7.0,192.0,120.0,86.0,100.0,173.0,89.0,34.0,34.0,17.0,3.0,1.0,0.0,1.0,1,3710,41.42,67.07,56.77,38.73,22.22,16.93,90.16,62.26,18.84,9.49,3.56,3.02,1.56,0.22,1.13,9.35,7.6,13.42,11.54,5.12,7.2,2.32,17.79,2.75,1.43,1.86,1.73,2.51,3.34,2.02,1.29,0.22,0.16,0.11,9.38,0.03,0.11,0.11,0.22,14.37,3.56,2.29,1.4,3.56,1.59,3.67,1.24,0.19,0.65,0.24,0.13,0.08,0.05,0.0,0.0,8.95,3.5,1.83,2.8,1.24,0.59,4.56,11.21,1.67,12.86,2.37,6.74,4.31,3.67,0.03,0.08,1.62,0.08,0.11,0.59,0.0,0.03,0.13,0.43,0.0,13.72,4.45,5.98,0.08,0.16,0.13,0.0,0.24,0.16,2.43,0.0,0.08,712.0,7.12,0.18821041501453872,192.0,1.92,0.05075337034099921,242.0,2.42,0.06397039386730108,760.0,7.6,0.20089875759978854,388.0,0.10256410256410256
5,5,Reagan - Speech7 - Edited.txt,19/01/1982,1982-01-19,2444988.5,0.2521808088818398,3783.0,954.0,22.868131868131872,23.0,14.0,147.0,4.0,2.0,196.0,182.0,7.0,134.0,30.0,399.0,21.0,500.0,194.0,13.0,5.0,82.0,430.0,82.0,0.0,138.0,2.0,3.0,366.0,35.0,244.0,5.0,13.0,114.0,5.0,189.0,122.0,106.0,123.0,211.0,114.0,40.0,32.0,16.0,2.0,1.0,0.0,0.0,1,3704,37.51,67.48,43.05,44.56,20.35,16.66,90.96,63.26,18.95,9.34,3.56,3.16,0.78,0.81,1.03,9.61,7.24,13.93,13.5,4.78,7.24,2.11,20.95,3.86,2.24,1.59,1.3,2.29,3.81,2.38,1.35,0.13,0.32,0.19,9.67,0.05,0.05,0.11,0.76,12.96,3.35,1.89,2.0,2.75,1.43,3.4,1.08,0.43,0.54,0.08,0.7,0.11,0.46,0.13,0.11,9.69,3.81,1.32,3.27,0.84,0.94,5.51,13.04,2.24,12.45,1.89,6.34,4.45,3.86,0.03,0.03,1.08,0.08,0.13,0.57,0.0,0.0,0.08,0.49,0.0,14.23,4.75,5.4,0.03,0.16,0.16,0.0,0.3,0.11,3.21,0.0,0.11,650.0,6.5,0.1718213058419244,212.0,2.12,0.05604017975151996,250.0,2.5,0.06608511763150939,865.0,8.65,0.22865450700502246,401.0,0.10600052868094105
6,6,Reagan - Speech8 - Edited.txt,18/02/1982,1982-02-18,2445018.5,0.2765300393037619,3562.0,985.0,23.78787878787879,14.0,15.0,119.0,2.0,4.0,197.0,165.0,4.0,135.0,32.0,378.0,28.0,483.0,172.0,11.0,4.0,76.0,438.0,143.0,4.0,151.0,4.0,9.0,276.0,49.0,226.0,4.0,19.0,115.0,14.0,199.0,120.0,93.0,63.0,152.0,73.0,33.0,30.0,15.0,4.0,0.0,0.0,0.0,1,3486,50.93,69.21,53.62,59.45,20.75,18.3,90.1,59.98,17.47,8.92,3.16,2.67,0.89,0.63,1.58,8.55,6.77,14.95,10.36,5.77,6.66,2.09,18.36,3.33,1.95,1.66,1.26,2.52,3.67,2.73,0.95,0.03,0.2,0.09,10.33,0.23,0.11,0.09,0.72,13.17,2.98,1.66,1.75,3.47,1.41,3.61,1.52,0.23,1.06,0.17,0.52,0.2,0.17,0.0,0.14,8.78,3.56,1.12,2.81,1.03,0.72,4.22,11.19,1.75,14.17,2.21,7.83,4.42,3.67,0.14,0.23,1.95,0.11,0.0,0.86,0.0,0.0,0.34,0.52,0.0,14.4,4.65,5.65,0.03,0.09,0.2,0.0,0.4,0.23,2.87,0.0,0.29,736.0,7.36,0.20662549129702415,187.0,1.87,0.05249859629421673,230.0,2.3,0.06457046603032005,700.0,7.0,0.1965188096574958,325.0,0.09124087591240876
7,7,Reagan - Speech9 - Edited.txt,31/03/1982,1982-03-31,2445059.5,0.2897995283018868,3392.0,983.0,24.175324675324674,8.0,13.0,113.0,9.0,2.0,177.0,154.0,4.0,118.0,83.0,352.0,29.0,448.0,186.0,14.0,6.0,72.0,412.0,91.0,2.0,147.0,5.0,8.0,280.0,37.0,192.0,5.0,29.0,91.0,11.0,157.0,76.0,105.0,82.0,181.0,77.0,39.0,24.0,14.0,2.0,1.0,0.0,1.0,1,3326,54.68,79.58,35.25,38.03,21.46,17.71,89.63,60.07,17.47,8.84,2.71,3.55,0.66,0.33,1.59,8.63,7.46,14.79,11.24,5.26,6.37,1.2,19.27,3.97,2.47,1.53,3.19,2.74,4.54,2.56,1.86,0.21,0.51,0.33,10.49,0.12,0.12,0.36,0.09,10.64,2.19,1.11,1.77,2.8,1.56,2.53,1.83,0.72,0.72,0.27,0.63,0.18,0.21,0.0,0.24,10.46,4.48,1.26,3.07,1.08,1.02,4.12,12.06,1.62,13.41,1.86,7.82,4.03,3.55,0.3,0.27,2.83,0.09,0.24,0.63,0.0,0.0,0.27,0.36,0.0,14.73,4.42,5.47,0.0,0.12,0.27,0.0,0.51,0.12,3.43,0.0,0.39,652.0,6.52,0.19221698113207547,206.0,2.06,0.0607311320754717,198.0,1.98,0.05837264150943396,678.0,6.78,0.19988207547169812,317.0,0.09345518867924528
8,8,Reagan - Speech10 - Edited.txt,13/05/1982,1982-05-13,2445102.5,0.24428429423459244,4024.0,983.0,23.71657754010695,17.0,18.0,150.0,2.0,3.0,223.0,187.0,5.0,143.0,46.0,475.0,42.0,510.0,218.0,7.0,3.0,79.0,505.0,94.0,2.0,150.0,6.0,4.0,320.0,49.0,255.0,5.0,25.0,131.0,10.0,203.0,117.0,82.0,113.0,196.0,133.0,49.0,24.0,12.0,3.0,4.0,0.0,0.0,1,3958,49.65,62.49,58.14,48.76,21.17,15.84,91.71,61.57,17.99,8.14,3.54,1.54,1.11,0.23,1.72,9.85,8.11,14.1,11.5,5.94,6.11,1.74,19.28,2.65,1.54,1.26,1.77,2.35,3.61,2.4,1.16,0.08,0.4,0.18,8.44,0.1,0.1,0.0,0.23,11.7,3.21,1.77,1.67,2.83,1.34,2.63,1.59,0.58,0.61,0.23,0.66,0.25,0.33,0.0,0.08,7.83,2.48,1.52,2.43,1.01,0.86,4.72,12.81,1.59,14.75,2.43,6.85,5.94,4.04,0.2,0.28,2.27,0.18,0.08,0.66,0.0,0.0,0.15,0.51,0.0,14.15,4.52,5.71,0.03,0.1,0.23,0.0,0.38,0.15,2.88,0.0,0.15,751.0,7.51,0.18663021868787277,228.0,2.28,0.05666003976143141,264.0,2.64,0.06560636182902585,844.0,8.44,0.20974155069582506,369.0,0.09169980119284295
9,9,Reagan - Speech11 - Edited.txt,30/06/1982,1982-06-30,2445150.5,0.2555269922879177,3890.0,994.0,23.41208791208791,10.0,14.0,115.0,2.0,4.0,187.0,182.0,7.0,170.0,37.0,451.0,42.0,514.0,202.0,8.0,2.0,71.0,448.0,115.0,5.0,171.0,6.0,3.0,313.0,62.0,235.0,5.0,5.0,124.0,7.0,194.0,137.0,56.0,131.0,174.0,98.0,41.0,25.0,22.0,3.0,2.0,0.0,0.0,1,3847,49.25,65.95,39.75,43.8,21.14,17.49,89.24,61.4,17.36,8.97,3.69,2.7,0.39,0.6,1.59,8.4,7.36,14.69,11.15,5.33,7.38,2.03,17.83,3.25,1.92,1.74,1.64,2.57,3.64,2.26,1.27,0.1,0.36,0.42,9.85,0.1,0.03,0.08,0.68,13.05,3.02,1.66,2.13,3.98,1.33,3.12,1.66,0.47,0.78,0.36,0.21,0.05,0.05,0.03,0.08,8.97,3.72,1.51,2.76,1.25,0.49,5.54,10.42,1.25,12.35,1.56,6.81,4.21,3.48,0.18,0.1,0.65,0.08,0.05,0.47,0.0,0.05,0.18,0.29,0.0,12.69,4.68,4.89,0.05,0.13,0.08,0.0,0.39,0.18,2.24,0.0,0.05,739.0,7.39,0.18997429305912597,212.0,2.12,0.0544987146529563,242.0,2.42,0.062210796915167094,790.0,7.9,0.20308483290488433,375.0,0.09640102827763496
10,10,Reagan - Speech12 - Edited.txt,28/07/1982,1982-07-28,2445178.5,0.2636125654450262,3820.0,1007.0,22.684491978609625,10.0,11.0,138.0,1.0,1.0,234.0,187.0,2.0,166.0,38.0,390.0,26.0,474.0,203.0,9.0,0.0,87.0,415.0,155.0,4.0,136.0,2.0,5.0,350.0,41.0,228.0,8.0,22.0,130.0,8.0,211.0,110.0,96.0,107.0,189.0,113.0,32.0,33.0,24.0,1.0,4.0,0.0,0.0,1,3768,43.02,74.49,43.44,50.01,19.94,15.31,88.22,60.88,18.18,9.47,3.03,3.42,0.85,0.82,1.35,8.7,7.19,13.75,11.78,5.36,7.43,1.59,19.75,3.53,2.28,1.62,1.73,2.28,2.79,2.04,0.74,0.16,0.13,0.21,9.95,0.11,0.11,0.08,0.8,12.05,2.97,2.02,2.07,3.11,0.88,3.03,1.88,0.48,0.77,0.56,0.16,0.05,0.08,0.0,0.03,9.53,4.25,1.51,2.63,1.06,0.5,4.35,12.82,1.67,13.88,2.23,6.61,5.39,2.84,0.16,0.19,1.41,0.11,0.0,0.64,0.0,0.13,0.21,0.29,0.0,15.02,4.86,6.24,0.03,0.03,0.29,0.0,0.5,0.05,2.76,0.0,0.27,710.0,7.1,0.18586387434554974,212.0,2.12,0.05549738219895288,240.0,2.4,0.06282722513089005,826.0,8.26,0.2162303664921466,391.0,0.10235602094240838
11,11,Reagan - Speech13 - Edited.txt,28/09/1982,1982-09-28,2445240.5,0.2602813852813853,3696.0,962.0,25.87974683544304,14.0,12.0,118.0,6.0,2.0,234.0,158.0,7.0,140.0,58.0,381.0,31.0,512.0,192.0,20.0,6.0,61.0,437.0,117.0,6.0,148.0,3.0,2.0,293.0,38.0,242.0,2.0,13.0,102.0,8.0,172.0,110.0,94.0,105.0,202.0,96.0,37.0,32.0,20.0,2.0,0.0,0.0,0.0,1,3615,51.05,65.7,62.63,51.66,22.74,16.18,89.88,60.11,16.29,7.8,2.93,2.46,0.72,0.19,1.49,8.49,7.39,14.85,11.48,5.84,7.19,2.02,19.61,3.93,2.63,1.77,2.41,2.77,3.24,2.3,0.91,0.03,0.33,0.14,8.93,0.03,0.06,0.08,0.22,11.84,3.18,1.6,1.41,2.54,1.55,3.13,1.96,0.75,0.91,0.25,0.33,0.06,0.19,0.0,0.08,8.22,3.15,1.41,2.6,1.11,0.39,5.12,12.25,2.02,15.3,2.57,7.47,5.45,3.1,0.25,0.22,1.55,0.06,0.11,0.64,0.0,0.03,0.19,0.41,0.0,15.55,4.18,6.5,0.03,0.17,0.25,0.0,0.69,0.11,3.04,0.0,0.58,708.0,7.08,0.19155844155844157,218.0,2.18,0.058982683982683984,244.0,2.44,0.06601731601731602,779.0,7.79,0.21076839826839827,331.0,0.08955627705627706
12,12,Reagan - Speech14 - Edited.txt,11/11/1982,1982-11-11,2445284.5,0.2562141491395793,3661.0,938.0,22.27624309392265,11.0,13.0,141.0,3.0,0.0,189.0,181.0,6.0,151.0,50.0,420.0,26.0,498.0,186.0,8.0,3.0,89.0,413.0,112.0,7.0,150.0,0.0,5.0,302.0,33.0,224.0,8.0,22.0,100.0,10.0,218.0,60.0,96.0,86.0,185.0,109.0,37.0,29.0,15.0,0.0,1.0,0.0,0.0,1,3591,48.91,68.59,52.21,53.52,19.62,15.76,91.76,61.43,17.52,7.99,2.62,3.65,0.75,0.17,0.81,9.52,7.55,14.7,11.39,5.37,7.18,2.12,19.77,3.56,2.2,1.59,1.81,2.34,3.76,2.62,1.14,0.33,0.31,0.06,9.11,0.0,0.06,0.03,0.22,13.73,2.95,2.14,2.37,2.78,1.34,3.93,1.73,0.58,0.78,0.22,0.31,0.11,0.17,0.0,0.03,10.69,4.54,2.53,2.37,1.34,0.75,3.31,13.78,1.78,14.37,2.26,7.55,5.04,3.95,0.14,0.36,1.5,0.11,0.11,0.75,0.0,0.0,0.25,0.5,0.0,14.06,4.79,5.29,0.03,0.14,0.36,0.0,0.33,0.0,2.98,0.0,0.14,682.0,6.82,0.18628789948101612,197.0,1.97,0.05381043430756624,233.0,2.33,0.0636438131658017,754.0,7.54,0.205954657197487,335.0,0.09150505326413548
13,13,Reagan - Speech15 - Edited.txt,05/01/1983,1983-01-05,2445339.5,0.2647887323943662,3550.0,940.0,23.65060240963855,5.0,16.0,143.0,2.0,5.0,207.0,166.0,4.0,134.0,40.0,383.0,23.0,459.0,168.0,12.0,11.0,79.0,422.0,76.0,2.0,144.0,5.0,1.0,308.0,39.0,232.0,5.0,20.0,118.0,6.0,208.0,73.0,89.0,96.0,208.0,104.0,38.0,15.0,17.0,5.0,1.0,1.0,0.0,1,3486,47.73,70.63,48.65,42.97,20.87,16.52,91.28,61.22,17.36,8.75,3.1,3.1,0.75,0.46,1.35,8.61,7.37,14.43,11.96,5.71,6.66,1.86,20.54,3.53,2.35,1.15,1.81,2.61,3.56,2.24,1.29,0.14,0.17,0.2,9.75,0.0,0.11,0.06,0.57,12.62,2.87,1.78,1.98,2.44,1.89,3.18,1.52,0.46,0.92,0.11,0.37,0.23,0.09,0.03,0.06,9.78,4.13,1.35,2.7,1.09,0.98,4.07,13.74,2.07,14.08,2.32,6.8,5.22,4.04,0.14,0.23,2.29,0.0,0.03,0.8,0.03,0.0,0.17,0.57,0.0,14.49,4.53,5.97,0.06,0.06,0.32,0.0,0.34,0.29,2.84,0.0,0.09,644.0,6.44,0.18140845070422534,191.0,1.91,0.05380281690140845,238.0,2.38,0.06704225352112676,778.0,7.78,0.2191549295774648,347.0,0.09774647887323944
14,14,Reagan - Speech16 - Edited.txt,16/02/1983,1983-02-16,2445381.5,0.264,3500.0,924.0,24.1625,15.0,8.0,145.0,4.0,3.0,205.0,160.0,4.0,130.0,38.0,361.0,20.0,460.0,171.0,10.0,4.0,83.0,374.0,102.0,5.0,135.0,2.0,4.0,320.0,40.0,244.0,3.0,20.0,126.0,2.0,216.0,80.0,89.0,102.0,167.0,100.0,27.0,33.0,18.0,3.0,1.0,0.0,0.0,1,3423,39.95,67.56,35.58,58.38,21.39,16.74,89.8,62.49,18.35,9.41,3.45,2.69,0.64,0.88,1.75,8.91,5.99,15.31,12.27,5.81,7.1,2.28,19.95,3.07,1.87,1.9,1.93,2.28,3.83,2.72,0.99,0.26,0.26,0.09,10.14,0.0,0.15,0.09,0.88,12.36,2.48,1.99,2.16,3.01,1.26,3.18,1.34,0.41,0.73,0.15,0.53,0.15,0.32,0.0,0.06,10.37,3.74,1.61,4.0,1.49,0.44,4.12,13.26,1.75,12.71,1.87,7.33,3.65,3.21,0.32,0.18,1.17,0.09,0.0,0.7,0.0,0.0,0.06,0.64,0.0,14.96,4.18,6.02,0.0,0.12,0.5,0.0,0.29,0.18,3.33,0.0,0.35,616.0,6.16,0.176,185.0,1.85,0.05285714285714286,248.0,2.48,0.07085714285714285,754.0,7.54,0.21542857142857144,360.0,0.10285714285714286
15,15,Reagan - Speech17 - Edited.txt,17/05/1983,1983-05-17,2445471.5,0.2672612197928654,3476.0,929.0,22.13714285714286,20.0,13.0,119.0,7.0,4.0,219.0,175.0,6.0,149.0,41.0,380.0,22.0,453.0,163.0,11.0,5.0,54.0,400.0,121.0,9.0,141.0,3.0,5.0,284.0,48.0,209.0,3.0,25.0,114.0,9.0,155.0,100.0,84.0,114.0,184.0,90.0,37.0,26.0,20.0,4.0,0.0,0.0,0.0,1,3413,54.5,74.62,41.37,45.13,19.5,17.05,88.92,60.45,16.82,8.35,2.23,2.96,0.94,0.26,1.96,8.47,7.47,15.21,11.05,5.3,7.3,1.58,18.34,3.08,2.08,1.82,1.93,2.72,3.05,2.05,1.0,0.06,0.32,0.23,9.49,0.09,0.09,0.0,0.38,12.57,2.87,1.96,1.49,2.87,1.7,2.96,1.41,0.59,0.5,0.12,0.29,0.09,0.15,0.0,0.06,9.49,3.75,1.08,3.96,1.05,0.29,4.81,11.57,1.26,13.39,1.99,7.62,3.96,4.48,0.15,0.18,1.85,0.06,0.0,0.73,0.0,0.0,0.23,0.5,0.0,16.0,4.72,6.59,0.12,0.06,0.41,0.0,0.56,0.23,2.99,0.0,0.32,671.0,6.71,0.1930379746835443,179.0,1.79,0.05149597238204833,212.0,2.12,0.06098964326812428,727.0,7.27,0.20914844649021863,332.0,0.09551208285385501
16,16,Reagan - Speech18 - Edited.txt,28/06/1983,1983-06-28,2445513.5,0.2565692353114851,3387.0,869.0,20.55191256830601,10.0,31.0,112.0,4.0,5.0,186.0,183.0,7.0,139.0,46.0,351.0,26.0,421.0,142.0,8.0,2.0,56.0,358.0,120.0,8.0,138.0,1.0,3.0,328.0,43.0,212.0,2.0,17.0,93.0,11.0,147.0,166.0,78.0,87.0,174.0,94.0,41.0,40.0,19.0,5.0,0.0,0.0,0.0,1,3325,30.12,71.21,34.55,51.07,18.17,14.98,90.32,63.1,20.54,9.92,3.7,2.29,1.05,0.69,2.2,10.62,6.5,13.11,12.48,5.89,6.62,2.32,20.9,2.5,1.35,1.89,2.11,2.83,2.86,2.11,0.75,0.03,0.15,0.15,11.58,0.03,0.12,0.03,0.78,14.62,3.37,1.35,2.29,4.06,2.05,3.31,1.86,0.42,1.08,0.24,0.42,0.18,0.06,0.0,0.21,8.42,2.92,1.29,3.55,1.08,0.21,6.86,11.34,1.08,11.22,1.56,6.32,3.49,2.92,0.21,0.09,1.44,0.06,0.06,0.93,0.0,0.03,0.27,0.63,0.0,15.7,5.14,5.77,0.15,0.06,0.42,0.0,0.45,0.3,2.89,0.0,0.51,624.0,6.24,0.18423383525243578,152.0,1.52,0.0448774726896959,214.0,2.14,0.06318275760259817,746.0,7.46,0.2202539120165338,371.0,0.10953646294656037
17,17,Reagan - Speech19 - Edited.txt,26/07/1983,1983-07-26,2445541.5,0.2640113798008535,3515.0,928.0,23.93827160493827,16.0,15.0,138.0,0.0,2.0,200.0,162.0,4.0,149.0,25.0,367.0,35.0,451.0,165.0,6.0,2.0,59.0,376.0,129.0,3.0,143.0,1.0,3.0,301.0,54.0,238.0,3.0,25.0,112.0,4.0,190.0,78.0,84.0,103.0,194.0,107.0,38.0,38.0,23.0,2.0,2.0,0.0,0.0,1,3447,37.57,74.13,43.68,49.53,21.28,16.8,89.73,62.55,18.65,9.02,2.81,3.28,0.7,0.12,2.12,9.6,6.53,14.48,11.17,6.76,7.4,2.41,19.29,2.67,1.62,1.91,1.39,2.0,3.92,2.58,1.31,0.32,0.55,0.09,10.79,0.09,0.26,0.2,0.2,13.75,3.34,1.54,2.44,4.0,1.6,3.08,1.13,0.38,0.35,0.29,0.46,0.06,0.32,0.03,0.09,10.07,4.44,1.48,3.16,0.99,0.52,4.09,12.91,1.74,13.37,2.09,7.72,3.66,2.15,0.15,0.2,0.64,0.03,0.26,0.73,0.0,0.0,0.15,0.58,0.0,14.39,4.35,5.83,0.03,0.09,0.38,0.0,0.38,0.12,3.1,0.0,0.12,651.0,6.51,0.1852062588904694,173.0,1.73,0.0492176386913229,243.0,2.43,0.06913229018492176,756.0,7.56,0.2150782361308677,355.0,0.10099573257467995
18,18,Reagan - Speech20 - Edited.txt,19/10/1983,1983-10-19,2445626.5,0.2777449822904368,3388.0,941.0,23.204968944099374,12.0,15.0,114.0,1.0,0.0,186.0,161.0,5.0,150.0,20.0,369.0,22.0,448.0,162.0,5.0,4.0,73.0,407.0,83.0,4.0,130.0,2.0,3.0,290.0,53.0,218.0,6.0,27.0,92.0,4.0,180.0,81.0,98.0,103.0,186.0,86.0,36.0,22.0,19.0,0.0,0.0,0.0,0.0,1,3311,46.69,69.51,53.16,47.56,20.44,17.61,89.73,61.07,17.64,9.3,3.32,2.84,0.82,0.69,1.63,8.34,7.1,14.77,11.36,5.44,7.79,1.75,19.87,3.62,2.3,1.75,1.15,2.39,4.47,2.81,1.63,0.03,0.63,0.18,9.73,0.03,0.06,0.0,0.82,12.84,3.23,1.48,1.75,3.65,1.33,3.2,1.42,0.45,0.6,0.33,0.39,0.09,0.24,0.0,0.06,9.06,3.29,1.9,2.81,1.0,0.79,4.5,12.78,1.78,14.16,1.9,7.52,4.92,2.2,0.42,0.21,0.57,0.12,0.27,0.54,0.0,0.0,0.12,0.42,0.0,14.5,4.41,5.68,0.03,0.12,0.48,0.0,0.48,0.0,3.2,0.0,0.09,624.0,6.24,0.18417945690672963,171.0,1.71,0.050472255017709564,224.0,2.24,0.06611570247933884,734.0,7.34,0.2166469893742621,343.0,0.1012396694214876
19,19,Reagan - Speech21 - Edited.txt,20/12/1983,1983-12-20,2445688.5,0.2459698387935517,3846.0,946.0,22.19270833333333,12.0,18.0,136.0,0.0,3.0,221.0,192.0,9.0,170.0,13.0,418.0,43.0,490.0,206.0,11.0,2.0,76.0,424.0,111.0,7.0,148.0,5.0,5.0,342.0,52.0,253.0,4.0,17.0,118.0,10.0,208.0,120.0,99.0,123.0,176.0,94.0,39.0,24.0,25.0,3.0,0.0,0.0,0.0,1,3757,39.5,69.35,44.19,38.04,19.57,16.69,90.1,62.52,17.97,9.29,3.38,2.42,0.9,0.72,1.86,8.68,6.87,14.35,12.19,6.31,7.61,1.81,19.75,3.41,2.13,1.65,0.72,2.42,4.37,2.48,1.78,0.32,0.88,0.27,10.3,0.03,0.05,0.08,0.83,13.6,2.45,2.45,1.52,3.91,1.57,3.38,1.25,0.29,0.67,0.19,0.32,0.05,0.24,0.0,0.03,9.98,3.19,1.78,3.83,1.28,0.51,5.59,11.74,1.57,13.15,1.84,7.59,3.94,2.48,0.13,0.16,0.24,0.19,0.24,0.8,0.0,0.0,0.37,0.43,0.0,14.85,4.71,5.88,0.05,0.19,0.4,0.0,0.32,0.16,3.09,0.0,0.05,690.0,6.9,0.1794071762870515,219.0,2.19,0.05694227769110764,257.0,2.57,0.06682267290691628,820.0,8.2,0.21320852834113366,394.0,0.10244409776391056
20,20,Reagan - Speech22 - Edited.txt,22/02/1984,1984-02-22,2445752.5,0.24258373205741626,4180.0,1014.0,23.79896907216495,14.0,10.0,148.0,5.0,1.0,242.0,194.0,9.0,184.0,45.0,458.0,24.0,561.0,195.0,14.0,6.0,70.0,462.0,122.0,5.0,182.0,3.0,3.0,354.0,55.0,271.0,9.0,26.0,125.0,7.0,203.0,156.0,115.0,119.0,211.0,83.0,40.0,35.0,19.0,1.0,3.0,0.0,0.0,1,4108,51.5,74.62,45.37,32.02,21.18,17.84,90.43,61.3,16.92,9.1,2.87,3.38,0.46,0.54,1.85,7.79,8.01,14.7,11.15,5.33,7.84,1.9,19.86,3.6,2.43,1.66,1.73,2.22,4.38,2.31,1.95,0.34,0.78,0.22,10.13,0.17,0.02,0.05,0.63,11.98,2.65,2.14,2.07,2.17,1.44,2.58,1.46,0.58,0.73,0.1,0.27,0.07,0.12,0.0,0.07,10.49,4.07,1.78,3.24,1.1,0.93,5.74,11.12,1.48,14.8,2.73,8.03,4.43,2.48,0.22,0.34,1.36,0.07,0.39,0.58,0.0,0.02,0.17,0.39,0.0,14.31,4.58,5.99,0.02,0.19,0.22,0.0,0.41,0.05,2.73,0.0,0.12,771.0,7.71,0.18444976076555025,215.0,2.15,0.05143540669856459,283.0,2.83,0.06770334928229665,887.0,8.87,0.21220095693779906,409.0,0.09784688995215311
21,21,Reagan - Speech23 - Edited.txt,04/04/1984,1984-04-04,2445794.5,0.2611324903793293,3638.0,950.0,24.66257668711657,15.0,17.0,110.0,9.0,5.0,219.0,163.0,6.0,152.0,47.0,410.0,22.0,474.0,195.0,4.0,4.0,62.0,422.0,105.0,3.0,139.0,7.0,2.0,302.0,42.0,223.0,5.0,12.0,124.0,5.0,184.0,141.0,100.0,91.0,161.0,94.0,27.0,28.0,22.0,5.0,3.0,0.0,1.0,1,3573,48.84,73.46,38.19,28.1,21.92,17.04,89.5,61.77,17.16,8.68,2.41,2.55,1.04,0.28,2.41,8.48,7.78,14.67,11.28,5.63,7.67,2.07,18.11,3.41,2.29,1.62,2.02,2.55,4.59,2.32,2.18,0.39,1.18,0.17,10.78,0.08,0.11,0.0,0.36,13.88,2.35,2.13,1.71,4.11,1.54,3.61,1.06,0.14,0.7,0.2,0.45,0.28,0.14,0.0,0.03,10.27,3.3,1.6,4.48,1.09,0.45,5.18,10.58,1.65,12.82,1.82,6.91,4.34,2.85,0.22,0.17,0.73,0.42,0.64,0.64,0.0,0.0,0.08,0.56,0.0,14.3,4.37,6.27,0.0,0.17,0.28,0.0,0.34,0.28,2.29,0.0,0.31,669.0,6.69,0.1838922484881803,203.0,2.03,0.05579989004947773,231.0,2.31,0.06349642660802639,771.0,7.71,0.2119296316657504,344.0,0.09455744914788346
22,22,Reagan - Speech24 - Edited.txt,22/05/1984,1984-05-22,2445842.5,0.271889400921659,3472.0,944.0,23.763975155279503,16.0,13.0,144.0,1.0,1.0,191.0,161.0,8.0,141.0,36.0,351.0,21.0,442.0,169.0,11.0,4.0,83.0,370.0,115.0,4.0,130.0,10.0,7.0,341.0,46.0,246.0,4.0,21.0,100.0,5.0,193.0,97.0,78.0,87.0,199.0,83.0,39.0,15.0,15.0,1.0,0.0,0.0,0.0,1,3417,31.38,64.61,50.86,35.48,21.22,15.92,88.59,63.18,18.93,10.13,3.16,3.54,0.47,0.5,2.46,8.81,6.5,13.9,12.88,6.0,7.61,2.72,19.84,3.75,2.28,1.32,1.84,2.66,3.34,1.87,1.32,0.2,0.41,0.29,10.18,0.03,0.18,0.26,0.29,14.52,2.69,1.55,2.17,4.01,1.55,4.57,1.67,0.53,0.5,0.47,0.47,0.29,0.23,0.0,0.06,8.87,4.36,0.76,2.43,1.0,0.76,4.89,12.79,1.52,13.37,1.9,7.52,4.21,2.11,0.15,0.2,1.26,0.09,0.12,0.56,0.0,0.0,0.15,0.41,0.0,15.28,4.48,5.74,0.03,0.2,0.26,0.0,0.53,0.06,3.8,0.0,0.18,619.0,6.19,0.17828341013824886,184.0,1.84,0.052995391705069124,250.0,2.5,0.07200460829493087,737.0,7.37,0.2122695852534562,387.0,0.11146313364055299
23,23,Reagan - Speech25 - Edited.txt,14/06/1984,1984-06-14,2445865.5,0.2746710526315789,3040.0,835.0,18.89444444444445,7.0,21.0,99.0,0.0,2.0,181.0,179.0,3.0,120.0,30.0,343.0,26.0,408.0,139.0,21.0,5.0,62.0,357.0,58.0,2.0,145.0,5.0,3.0,280.0,33.0,182.0,4.0,17.0,90.0,16.0,144.0,82.0,74.0,89.0,181.0,62.0,26.0,22.0,8.0,2.0,0.0,0.0,0.0,1,2984,41.4,69.84,39.93,56.13,16.49,15.25,91.76,62.06,19.2,9.92,3.82,3.05,0.9,0.2,1.94,9.28,6.77,14.51,11.63,5.36,6.74,2.35,19.03,4.05,2.65,1.21,1.47,2.65,4.12,2.78,1.17,0.2,0.44,0.23,11.36,0.03,0.1,0.07,0.2,14.51,2.58,1.51,2.75,3.69,2.01,3.95,1.51,0.44,0.8,0.13,0.64,0.3,0.1,0.07,0.17,8.91,3.92,1.24,2.71,1.21,0.44,4.96,12.16,1.44,12.06,2.11,6.74,3.35,3.82,0.27,0.2,0.97,0.07,0.03,1.07,0.0,0.0,0.5,0.57,0.0,15.99,5.6,6.13,0.0,0.1,0.54,0.0,0.34,0.13,3.05,0.0,0.1,562.0,5.62,0.18486842105263157,165.0,1.65,0.054276315789473686,186.0,1.86,0.06118421052631579,632.0,6.32,0.20789473684210527,313.0,0.10296052631578947
24,24,Reagan - Speech26 - Edited.txt,24/07/1984,1984-07-24,2445905.5,0.27400119260584377,3354.0,919.0,23.851612903225806,6.0,11.0,121.0,3.0,2.0,187.0,155.0,7.0,143.0,46.0,354.0,21.0,431.0,139.0,10.0,6.0,52.0,402.0,117.0,2.0,131.0,2.0,3.0,295.0,44.0,197.0,6.0,13.0,119.0,6.0,156.0,101.0,96.0,95.0,173.0,101.0,39.0,22.0,18.0,2.0,1.0,0.0,0.0,1,3307,49.38,68.13,42.31,45.78,21.2,16.81,89.84,60.75,17.99,9.4,3.54,2.75,0.6,1.0,1.51,8.59,7.17,14.73,11.46,5.11,6.71,1.78,19.66,3.18,2.0,1.51,2.12,2.42,3.48,2.27,1.18,0.15,0.36,0.09,10.07,0.0,0.03,0.54,0.64,12.19,2.9,1.54,1.63,3.11,1.81,3.36,1.54,0.6,0.76,0.12,0.57,0.21,0.21,0.0,0.15,9.74,3.57,1.54,3.6,1.27,0.54,4.81,12.43,1.39,12.67,2.12,6.8,3.93,3.66,0.33,0.15,2.06,0.06,0.09,0.82,0.03,0.03,0.24,0.51,0.0,14.64,4.69,5.78,0.03,0.18,0.21,0.0,0.67,0.12,2.87,0.0,0.09,652.0,6.52,0.19439475253428742,155.0,1.55,0.04621347644603459,204.0,2.04,0.06082289803220036,722.0,7.22,0.21526535480023853,339.0,0.10107334525939177
25,25,Reagan - Speech27 - Edited.txt,09/01/1985,1985-01-09,2446074.5,0.2533515731874145,3655.0,926.0,21.83333333333333,13.0,15.0,131.0,0.0,5.0,219.0,186.0,2.0,147.0,29.0,375.0,22.0,470.0,188.0,20.0,4.0,80.0,379.0,93.0,5.0,168.0,7.0,7.0,338.0,39.0,248.0,3.0,29.0,126.0,9.0,210.0,106.0,97.0,81.0,194.0,82.0,36.0,33.0,18.0,5.0,1.0,0.0,0.0,1,3589,42.72,72.07,50.61,34.99,19.3,15.58,91.84,62.36,18.22,9.53,3.23,3.71,0.7,0.5,1.39,8.69,6.55,15.27,11.15,6.19,7.41,2.37,19.25,4.18,2.34,1.92,1.31,2.76,4.29,2.37,1.84,0.08,1.09,0.17,10.62,0.0,0.08,0.03,0.53,12.9,2.42,1.73,1.81,3.12,1.56,3.57,1.76,0.45,0.72,0.42,0.36,0.14,0.14,0.0,0.08,10.03,4.43,1.39,2.87,1.03,0.81,4.6,12.04,1.95,14.18,2.31,7.94,4.35,3.2,0.17,0.08,1.73,0.08,0.14,0.81,0.0,0.0,0.22,0.56,0.03,15.3,4.79,6.16,0.03,0.03,0.39,0.0,0.39,0.28,3.23,0.0,0.0,645.0,6.45,0.17647058823529413,212.0,2.12,0.058002735978112174,252.0,2.52,0.06894664842681258,770.0,7.7,0.2106703146374829,377.0,0.10314637482900137
26,26,Reagan - Speech28 - Edited.txt,21/02/1985,1985-02-21,2446117.5,0.269267364414843,3153.0,849.0,25.492647058823533,9.0,8.0,111.0,3.0,2.0,178.0,136.0,2.0,150.0,18.0,357.0,13.0,427.0,144.0,5.0,1.0,62.0,400.0,63.0,5.0,140.0,4.0,3.0,279.0,37.0,161.0,0.0,17.0,97.0,8.0,162.0,101.0,102.0,76.0,168.0,67.0,33.0,31.0,12.0,2.0,0.0,1.0,0.0,1,3095,54.54,80.75,36.32,42.17,22.59,17.48,91.18,60.81,18.0,9.47,2.55,3.91,0.58,0.32,2.1,8.53,7.82,14.7,11.05,3.84,7.33,1.65,19.39,2.88,1.52,1.84,0.84,2.55,4.85,2.84,1.94,0.06,1.1,0.13,11.44,0.03,0.26,0.03,0.42,13.02,3.07,1.78,2.29,3.23,1.36,3.04,1.71,0.29,1.03,0.29,0.32,0.16,0.06,0.03,0.06,10.24,4.78,1.49,2.84,1.07,0.78,4.78,11.89,2.1,12.86,2.46,7.56,3.23,4.23,0.19,0.03,3.07,0.19,0.0,0.78,0.0,0.03,0.26,0.48,0.0,13.67,4.07,5.75,0.03,0.03,0.39,0.03,0.23,0.13,2.91,0.0,0.1,608.0,6.08,0.19283222327941643,150.0,1.5,0.047573739295908656,161.0,1.61,0.05106248017760863,676.0,6.76,0.2143989850935617,316.0,0.1002220107833809
27,27,Reagan - Speech29 - Edited.txt,21/03/1985,1985-03-21,2446145.5,0.27022900763358776,3275.0,885.0,21.520710059171602,14.0,8.0,122.0,3.0,0.0,188.0,169.0,7.0,148.0,27.0,354.0,20.0,404.0,150.0,8.0,4.0,56.0,329.0,120.0,5.0,117.0,3.0,5.0,326.0,30.0,227.0,1.0,9.0,100.0,11.0,174.0,88.0,80.0,89.0,197.0,95.0,32.0,44.0,17.0,0.0,0.0,0.0,0.0,1,3203,31.12,75.89,41.84,35.01,18.84,16.98,90.67,62.38,20.2,10.24,3.37,3.84,0.81,0.75,1.47,9.96,6.74,13.21,11.68,6.15,7.4,2.37,20.51,3.03,1.69,2.31,1.19,2.84,4.31,2.4,1.87,0.16,0.59,0.28,11.8,0.0,0.12,0.06,0.81,13.3,3.31,1.31,1.69,3.06,1.56,3.65,1.84,0.66,0.75,0.47,0.28,0.12,0.09,0.03,0.03,9.99,4.81,1.09,2.59,1.19,0.84,4.75,13.39,1.5,11.86,1.47,6.46,4.0,2.37,0.16,0.16,1.5,0.12,0.25,1.09,0.03,0.06,0.34,0.66,0.0,15.52,4.96,5.9,0.19,0.03,0.34,0.03,0.31,0.0,3.65,0.0,0.09,571.0,5.71,0.17435114503816793,162.0,1.62,0.04946564885496183,228.0,2.28,0.06961832061068703,723.0,7.23,0.22076335877862596,356.0,0.10870229007633588
28,28,Reagan - Speech30 - Edited.txt,10/05/1985,1985-05-10,2446195.5,0.2817987152034261,2335.0,658.0,23.63636363636364,8.0,6.0,77.0,2.0,3.0,154.0,110.0,1.0,94.0,45.0,251.0,13.0,336.0,106.0,8.0,5.0,34.0,263.0,60.0,3.0,78.0,3.0,5.0,223.0,38.0,153.0,0.0,6.0,82.0,4.0,100.0,86.0,58.0,63.0,97.0,68.0,18.0,14.0,10.0,3.0,3.0,0.0,0.0,1,2294,39.98,71.46,48.91,51.03,20.67,15.34,90.02,63.25,19.83,10.55,3.84,3.62,0.96,0.65,1.48,9.24,6.97,14.86,10.94,6.45,7.59,1.53,18.44,3.1,2.18,1.61,2.62,3.27,3.79,2.53,1.18,0.26,0.39,0.17,10.07,0.0,0.04,0.0,0.7,12.95,3.14,0.87,1.61,3.66,1.96,3.62,1.53,0.22,0.74,0.48,0.65,0.13,0.31,0.0,0.22,9.07,4.53,1.35,2.01,1.22,0.48,5.36,10.42,1.53,12.51,2.22,6.06,4.32,1.61,0.22,0.09,0.74,0.04,0.0,0.87,0.0,0.04,0.22,0.61,0.0,14.73,4.97,6.71,0.0,0.04,0.04,0.0,0.22,0.26,2.22,0.0,0.26,404.0,4.04,0.17301927194860814,119.0,1.19,0.050963597430406855,156.0,1.56,0.06680942184154176,472.0,4.72,0.20214132762312634,261.0,0.11177730192719486
29,29,Reagan - Speech31 - Edited.txt,18/06/1985,1985-06-18,2446234.5,0.2608695652173913,2921.0,762.0,21.281045751633986,5.0,11.0,126.0,1.0,1.0,182.0,153.0,4.0,123.0,21.0,330.0,20.0,385.0,116.0,2.0,2.0,62.0,308.0,62.0,8.0,95.0,6.0,1.0,323.0,39.0,219.0,2.0,13.0,95.0,13.0,171.0,76.0,69.0,52.0,163.0,77.0,18.0,21.0,20.0,1.0,2.0,0.0,0.0,1,2864,29.32,73.87,52.46,26.93,18.72,14.98,91.69,65.47,20.6,11.17,3.95,2.69,2.03,0.7,1.82,9.43,6.91,14.32,11.91,6.88,7.75,2.65,19.24,3.56,1.99,1.78,1.12,2.69,4.29,2.13,2.06,0.7,0.66,0.21,12.12,0.0,0.07,0.0,0.8,13.58,3.21,1.43,1.47,3.7,1.64,3.84,1.78,0.49,0.98,0.28,0.24,0.14,0.07,0.0,0.03,7.93,3.14,1.19,2.3,1.29,0.42,4.05,14.11,1.12,12.53,1.43,7.3,3.84,1.47,0.17,0.14,0.42,0.14,0.42,0.84,0.0,0.03,0.42,0.38,0.0,15.61,5.06,6.42,0.0,0.14,0.28,0.0,0.45,0.07,3.07,0.0,0.1,473.0,4.73,0.16193084560082163,120.0,1.2,0.04108182129407737,223.0,2.23,0.07634371790482711,608.0,6.08,0.2081478945566587,362.0,0.12393016090380007
30,30,Reagan - Speech32 - Edited.txt,17/09/1985,1985-09-17,2446325.5,0.2422444024817912,3707.0,898.0,24.124260355029588,12.0,16.0,135.0,2.0,8.0,201.0,169.0,8.0,153.0,52.0,412.0,18.0,506.0,170.0,14.0,11.0,89.0,408.0,57.0,6.0,156.0,4.0,4.0,366.0,45.0,242.0,7.0,23.0,106.0,7.0,201.0,71.0,82.0,98.0,198.0,102.0,30.0,25.0,17.0,8.0,1.0,0.0,0.0,1,3576,40.39,78.65,44.27,24.88,21.16,16.28,91.75,62.61,20.16,10.12,2.77,4.56,0.78,0.42,1.59,10.04,6.77,14.96,11.38,5.29,7.13,2.13,18.9,4.59,2.63,1.4,1.87,2.82,5.73,2.74,2.8,0.36,1.54,0.31,11.38,0.06,0.11,0.03,0.42,13.79,3.02,1.45,2.21,3.22,1.9,3.89,1.59,0.67,0.7,0.25,0.56,0.2,0.31,0.06,0.0,11.16,5.51,1.45,2.74,1.45,0.92,4.11,13.06,1.51,13.09,1.43,8.33,3.44,2.66,0.14,0.08,1.2,0.0,0.31,0.59,0.0,0.0,0.11,0.48,0.0,15.41,4.47,5.62,0.0,0.22,0.25,0.0,0.28,0.45,4.0,0.0,0.11,627.0,6.27,0.16913946587537093,195.0,1.95,0.052603183166981385,250.0,2.5,0.0674399784192069,752.0,7.52,0.20285945508497438,411.0,0.11087132452117615
31,31,Reagan - Speech33 - Edited.txt,07/01/1986,1986-01-07,2446437.5,0.2577289800635654,3461.0,892.0,22.03448275862069,18.0,16.0,142.0,5.0,0.0,198.0,174.0,10.0,156.0,36.0,333.0,14.0,435.0,173.0,14.0,3.0,74.0,354.0,83.0,7.0,138.0,5.0,5.0,357.0,48.0,248.0,3.0,17.0,106.0,10.0,194.0,115.0,91.0,101.0,182.0,72.0,29.0,19.0,25.0,0.0,0.0,0.0,0.0,1,3348,30.99,71.38,47.2,59.12,19.24,15.92,91.43,63.41,19.56,10.72,3.08,3.08,1.22,1.22,2.12,8.84,6.63,13.68,11.95,6.18,7.92,2.6,20.61,3.08,2.06,1.46,1.61,2.51,4.57,3.14,1.37,0.48,0.48,0.06,11.56,0.0,0.15,0.18,1.14,14.4,2.93,1.7,1.82,3.2,1.94,4.54,1.52,0.63,0.54,0.33,0.42,0.09,0.33,0.0,0.0,9.11,3.61,1.46,2.39,1.52,0.57,5.35,12.34,1.46,13.08,2.54,6.87,3.97,2.87,0.24,0.03,1.55,0.18,0.27,0.72,0.0,0.0,0.21,0.51,0.0,15.8,4.87,5.97,0.03,0.27,0.36,0.0,0.24,0.0,3.7,0.0,0.36,582.0,5.82,0.1681594914764519,190.0,1.9,0.05489742848887605,251.0,2.51,0.07252239237214678,755.0,7.55,0.21814504478474428,405.0,0.11701820283155158
32,32,Reagan - Speech34 - Edited.txt,11/02/1986,1986-02-11,2446472.5,0.2540570789031897,3574.0,908.0,21.661202185792344,18.0,15.0,127.0,2.0,7.0,206.0,184.0,6.0,158.0,25.0,383.0,21.0,437.0,165.0,7.0,5.0,72.0,380.0,101.0,10.0,147.0,3.0,4.0,368.0,45.0,259.0,2.0,12.0,109.0,4.0,198.0,129.0,86.0,75.0,186.0,79.0,31.0,24.0,26.0,6.0,2.0,0.0,0.0,1,3460,31.67,74.51,40.56,62.49,18.91,15.14,90.61,62.89,19.51,10.78,3.5,3.44,1.24,0.55,2.05,8.73,6.91,13.24,11.76,5.9,7.86,2.75,19.45,3.38,2.23,1.73,1.1,2.72,3.01,2.46,0.52,0.03,0.23,0.17,12.14,0.09,0.2,0.03,0.66,13.24,2.66,1.71,1.94,3.06,1.59,3.99,1.85,0.84,0.72,0.26,0.52,0.29,0.26,0.03,0.06,9.13,4.28,1.1,2.77,1.13,0.26,5.12,12.17,1.47,11.91,1.56,6.62,3.82,3.79,0.29,0.17,0.92,0.09,0.0,0.81,0.0,0.0,0.14,0.66,0.0,15.92,5.12,6.01,0.0,0.17,0.23,0.0,0.32,0.35,3.61,0.0,0.12,638.0,6.38,0.17851147174034696,177.0,1.77,0.049524342473419136,263.0,2.63,0.07358701734750979,753.0,7.53,0.210688304420817,413.0,0.11555679910464466
33,33,Reagan - Speech35 - Edited.txt,09/04/1986,1986-04-09,2446529.5,0.2490555855369671,3706.0,923.0,20.78391959798995,19.0,23.0,130.0,2.0,2.0,231.0,199.0,2.0,183.0,37.0,353.0,16.0,479.0,180.0,7.0,1.0,89.0,365.0,75.0,5.0,142.0,3.0,2.0,403.0,53.0,302.0,7.0,18.0,111.0,4.0,197.0,102.0,90.0,94.0,207.0,102.0,18.0,33.0,17.0,2.0,3.0,0.0,0.0,1,3606,21.08,77.88,48.66,29.0,18.03,14.45,91.32,64.39,21.85,11.59,3.41,4.44,1.0,1.58,1.16,10.26,5.27,13.34,11.37,6.79,8.43,2.36,19.86,3.33,2.16,1.75,1.3,2.14,3.83,1.97,1.77,0.47,0.8,0.14,12.09,0.03,0.03,0.03,1.64,14.53,3.08,1.58,1.97,3.77,1.83,4.08,2.05,0.44,1.0,0.28,0.53,0.31,0.19,0.0,0.03,9.71,5.07,1.36,2.25,1.14,0.5,4.27,13.06,1.69,13.78,2.02,7.07,5.02,2.05,0.17,0.06,0.89,0.11,0.11,0.72,0.0,0.06,0.11,0.55,0.0,16.11,5.32,6.41,0.06,0.06,0.31,0.0,0.17,0.11,3.49,0.0,0.19,587.0,5.87,0.1583917970858068,188.0,1.88,0.050728548300053966,312.0,3.12,0.08418780356179169,792.0,7.92,0.21370750134916353,456.0,0.12304371289800324
34,34,Reagan - Speech36 - Edited.txt,07/05/1986,1986-05-07,2446557.5,0.2954144620811288,2268.0,670.0,21.921739130434784,5.0,14.0,79.0,0.0,2.0,138.0,115.0,2.0,89.0,27.0,246.0,10.0,300.0,114.0,4.0,1.0,36.0,247.0,40.0,4.0,100.0,4.0,4.0,204.0,20.0,153.0,6.0,7.0,96.0,4.0,127.0,69.0,53.0,64.0,115.0,59.0,30.0,20.0,7.0,2.0,2.0,0.0,0.0,1,2231,39.93,74.51,44.21,33.5,19.4,16.63,92.78,62.8,19.77,9.23,2.87,3.23,0.67,0.36,2.11,10.53,6.1,14.79,11.61,4.93,7.17,1.93,19.05,3.81,2.29,1.79,1.43,2.91,5.38,2.91,2.47,0.94,0.94,0.36,11.56,0.09,0.09,0.04,0.58,14.88,3.54,2.06,1.57,3.32,2.47,4.08,1.84,0.4,0.94,0.27,0.49,0.27,0.09,0.0,0.13,9.32,4.21,1.66,2.73,0.81,0.4,4.62,12.15,2.02,11.56,2.11,6.32,3.32,1.79,0.04,0.31,0.49,0.0,0.22,0.94,0.0,0.04,0.22,0.67,0.0,14.39,4.84,6.19,0.0,0.09,0.31,0.0,0.31,0.18,2.38,0.0,0.09,391.0,3.91,0.17239858906525574,119.0,1.19,0.05246913580246913,161.0,1.61,0.07098765432098765,487.0,4.87,0.21472663139329806,224.0,0.09876543209876543
35,35,Reagan - Speech37 - Edited.txt,11/06/1986,1986-06-11,2446592.5,0.24855666970525675,3291.0,818.0,21.790419161676645,9.0,17.0,118.0,2.0,3.0,177.0,168.0,6.0,138.0,29.0,340.0,13.0,435.0,143.0,12.0,4.0,67.0,339.0,73.0,2.0,112.0,4.0,4.0,348.0,25.0,250.0,2.0,11.0,111.0,10.0,189.0,110.0,90.0,89.0,166.0,86.0,41.0,18.0,19.0,3.0,0.0,0.0,0.0,1,3204,34.83,73.17,44.04,37.94,19.19,15.7,90.64,63.98,19.66,10.17,3.03,3.96,0.62,0.47,2.09,9.49,6.65,14.83,12.2,5.71,7.99,2.31,20.35,3.81,2.47,1.65,1.09,2.56,3.56,2.0,1.31,0.16,0.69,0.0,10.64,0.0,0.12,0.03,0.56,14.08,3.4,1.97,2.12,3.06,1.75,3.71,1.81,0.62,0.91,0.16,1.0,0.28,0.25,0.0,0.47,8.83,4.56,1.12,1.97,1.22,0.62,5.27,12.89,1.31,12.55,2.4,6.09,4.43,2.0,0.16,0.22,0.41,0.03,0.03,0.97,0.0,0.06,0.44,0.47,0.0,15.14,4.78,5.52,0.06,0.12,0.47,0.0,0.44,0.19,3.43,0.0,0.12,526.0,5.26,0.159829838954725,159.0,1.59,0.04831358249772106,252.0,2.52,0.07657247037374658,730.0,7.3,0.22181707687632937,373.0,0.11333941051352173
36,36,Reagan - Speech38 - Edited.txt,12/08/1986,1986-08-12,2446654.5,0.2414481897627965,4005.0,967.0,24.75418994413408,14.0,19.0,152.0,2.0,1.0,242.0,179.0,8.0,189.0,33.0,415.0,26.0,499.0,168.0,5.0,7.0,94.0,394.0,154.0,6.0,172.0,4.0,7.0,359.0,51.0,275.0,3.0,32.0,156.0,11.0,254.0,142.0,91.0,100.0,173.0,83.0,37.0,36.0,18.0,1.0,4.0,0.0,0.0,1,3931,39.08,72.07,30.77,38.92,21.96,16.2,90.92,63.01,18.27,9.51,2.93,2.52,0.76,1.14,2.16,8.75,6.61,14.6,11.73,5.67,8.04,2.34,19.82,2.9,1.63,1.76,1.12,2.65,3.69,2.21,1.48,0.31,0.41,0.15,11.88,0.1,0.1,0.0,1.22,12.97,2.31,1.37,2.54,3.28,1.22,4.02,2.06,0.43,1.07,0.38,0.53,0.15,0.33,0.0,0.05,9.72,4.35,1.42,3.21,1.27,0.46,5.16,11.52,1.48,12.41,2.14,7.15,3.61,2.93,0.25,0.18,0.84,0.31,0.1,0.92,0.03,0.0,0.25,0.64,0.0,14.37,4.45,6.16,0.13,0.08,0.13,0.0,0.33,0.05,2.95,0.0,0.1,726.0,7.26,0.18127340823970037,180.0,1.8,0.0449438202247191,282.0,2.82,0.07041198501872659,843.0,8.43,0.2104868913857678,410.0,0.10237203495630462
37,37,Reagan - Speech39 - Edited.txt,19/11/1986,1986-11-19,2446753.5,0.2385542168674699,3320.0,792.0,21.8,17.0,21.0,118.0,2.0,4.0,214.0,170.0,3.0,156.0,18.0,366.0,28.0,443.0,146.0,6.0,3.0,54.0,341.0,102.0,6.0,134.0,1.0,2.0,337.0,37.0,220.0,1.0,12.0,107.0,5.0,168.0,181.0,77.0,77.0,159.0,62.0,24.0,19.0,15.0,4.0,1.0,1.0,0.0,1,3277,32.72,74.91,38.35,34.79,19.28,16.02,91.0,64.14,19.38,10.16,3.27,3.78,0.52,0.43,2.17,9.22,7.02,14.01,11.96,5.95,8.27,2.69,19.74,3.51,2.38,1.19,1.01,1.92,3.97,2.23,1.71,0.46,0.58,0.21,12.02,0.09,0.18,0.0,0.52,13.61,3.23,1.56,1.8,3.17,1.83,3.66,1.92,0.61,1.13,0.18,0.58,0.46,0.12,0.0,0.03,9.4,4.46,1.56,2.69,1.07,0.49,6.93,10.62,1.04,11.29,1.59,6.19,3.6,2.29,0.34,0.27,0.58,0.03,0.0,0.7,0.0,0.0,0.15,0.55,0.0,14.74,4.94,6.59,0.06,0.03,0.31,0.0,0.31,0.24,2.2,0.0,0.06,583.0,5.83,0.17560240963855422,155.0,1.55,0.046686746987951805,222.0,2.22,0.06686746987951807,724.0,7.24,0.21807228915662652,374.0,0.11265060240963855
38,38,Reagan - Speech40 - Edited.txt,19/03/1987,1987-03-19,2446873.5,0.23228674631842175,3599.0,836.0,23.210526315789476,10.0,24.0,134.0,3.0,4.0,196.0,171.0,11.0,149.0,19.0,381.0,22.0,423.0,142.0,8.0,5.0,78.0,355.0,91.0,3.0,123.0,6.0,2.0,401.0,39.0,264.0,7.0,19.0,117.0,5.0,206.0,235.0,96.0,101.0,146.0,46.0,26.0,30.0,34.0,4.0,1.0,0.0,0.0,1,3507,24.53,71.1,64.39,51.94,20.51,15.08,93.16,63.9,21.39,11.52,4.59,3.39,1.08,0.23,2.22,9.87,6.19,12.86,12.2,5.9,7.44,2.71,21.84,3.22,2.17,2.25,0.74,2.59,3.74,2.54,1.14,0.26,0.46,0.14,11.98,0.03,0.06,0.0,0.23,14.23,3.79,1.57,2.17,2.97,1.68,3.59,1.48,0.54,0.71,0.14,0.51,0.26,0.23,0.03,0.0,9.95,4.25,1.57,2.77,1.63,0.51,8.75,9.92,1.23,13.63,2.17,7.21,4.59,2.82,0.17,0.2,1.45,0.06,0.2,0.54,0.0,0.0,0.23,0.31,0.0,14.37,4.76,5.62,0.09,0.23,0.14,0.0,0.17,0.23,2.99,0.0,0.14,572.0,5.72,0.15893303695470964,155.0,1.55,0.04306751875520978,272.0,2.72,0.07557654904140039,830.0,8.3,0.2306196165601556,440.0,0.12225618227285356
39,39,Reagan - Speech41 - Edited.txt,11/06/1987,1987-06-11,2446957.5,0.2917956656346749,2584.0,754.0,23.907563025210084,8.0,11.0,80.0,6.0,8.0,139.0,119.0,5.0,124.0,25.0,247.0,16.0,342.0,150.0,5.0,4.0,53.0,285.0,65.0,4.0,90.0,2.0,4.0,245.0,35.0,164.0,3.0,8.0,87.0,2.0,126.0,109.0,68.0,77.0,114.0,55.0,19.0,18.0,13.0,8.0,1.0,0.0,0.0,1,2534,35.15,72.17,37.08,53.2,20.94,16.46,90.13,62.12,18.63,10.3,3.12,3.55,0.83,1.18,1.62,8.33,6.24,13.93,11.48,5.8,8.17,2.37,19.69,3.95,2.25,1.46,1.62,3.16,4.26,2.84,1.38,0.16,0.63,0.08,11.29,0.0,0.12,0.08,1.26,15.94,3.2,2.41,2.09,3.47,2.37,4.3,1.26,0.2,0.83,0.2,0.47,0.28,0.12,0.0,0.08,8.37,4.18,1.34,1.82,1.1,0.36,6.04,10.58,1.42,11.68,2.09,5.92,3.91,2.17,0.28,0.12,1.3,0.0,0.28,0.47,0.0,0.08,0.04,0.36,0.0,14.4,4.42,5.49,0.12,0.08,0.43,0.0,0.36,0.63,2.6,0.0,0.28,444.0,4.44,0.17182662538699692,159.0,1.59,0.06153250773993808,168.0,1.68,0.06501547987616099,549.0,5.49,0.21246130030959753,280.0,0.10835913312693499
40,40,Reagan - Speech42 - Edited.txt,22/10/1987,1987-10-22,2447090.5,0.2470684483228797,3667.0,906.0,23.584795321637426,16.0,17.0,134.0,9.0,0.0,192.0,171.0,7.0,152.0,57.0,382.0,16.0,488.0,172.0,14.0,11.0,85.0,385.0,93.0,6.0,126.0,5.0,4.0,376.0,28.0,224.0,2.0,23.0,127.0,8.0,204.0,87.0,95.0,89.0,209.0,93.0,36.0,37.0,18.0,0.0,2.0,0.0,0.0,1,3589,42.26,70.28,48.2,36.02,20.75,15.6,91.67,63.42,19.39,10.14,3.48,3.32,0.64,0.75,1.95,9.22,7.38,15.16,12.15,5.29,7.61,1.78,20.14,4.15,2.76,1.84,2.06,2.51,3.26,1.92,1.34,0.2,0.59,0.06,10.03,0.0,0.11,0.03,0.86,12.34,2.7,1.53,2.06,2.67,1.84,3.4,1.39,0.39,0.78,0.2,0.25,0.17,0.08,0.06,0.0,9.22,4.01,1.25,3.04,1.06,0.5,4.24,13.04,1.67,13.96,2.7,6.97,4.46,3.62,0.2,0.08,2.79,0.08,0.25,0.84,0.0,0.06,0.22,0.59,0.0,14.43,4.71,5.38,0.08,0.08,0.17,0.0,0.36,0.0,3.23,0.0,0.42,610.0,6.1,0.16634851377147533,197.0,1.97,0.05372238887373875,228.0,2.28,0.06217616580310881,777.0,7.77,0.2118898281974366,404.0,0.11017180256340332
41,41,Reagan - Speech43 - Edited.txt,24/02/1988,1988-02-24,2447215.5,0.2738301559792028,2885.0,790.0,24.50769230769231,12.0,15.0,113.0,3.0,0.0,168.0,130.0,6.0,146.0,29.0,308.0,18.0,368.0,121.0,8.0,4.0,65.0,299.0,81.0,2.0,111.0,3.0,1.0,267.0,39.0,184.0,4.0,14.0,101.0,5.0,162.0,97.0,75.0,84.0,142.0,75.0,21.0,19.0,24.0,0.0,1.0,1.0,0.0,1,2844,30.67,73.43,40.22,39.61,21.55,16.56,91.46,64.35,19.06,9.81,3.2,3.76,0.91,0.42,1.51,9.25,6.36,14.06,12.69,5.91,8.51,2.29,20.29,3.45,2.07,1.83,1.2,2.14,4.22,2.46,1.69,0.28,0.39,0.14,10.94,0.0,0.04,0.0,0.53,14.8,3.52,1.72,2.07,3.2,2.04,3.87,1.37,0.32,0.81,0.25,0.25,0.18,0.11,0.0,0.0,10.2,4.29,1.83,3.16,1.3,0.67,5.45,12.27,1.48,11.43,1.69,6.12,3.66,2.88,0.14,0.04,0.98,0.0,0.07,0.74,0.0,0.04,0.28,0.42,0.0,14.1,4.4,5.91,0.14,0.11,0.32,0.0,0.35,0.0,2.64,0.0,0.25,493.0,4.93,0.1708838821490468,133.0,1.33,0.04610051993067591,189.0,1.89,0.06551126516464471,635.0,6.35,0.22010398613518198,306.0,0.10606585788561525
42,42,Reagan - Speech44 - Edited.txt,01/06/1988,1988-06-01,2447313.5,0.26602904711300035,2823.0,751.0,22.148936170212764,11.0,10.0,118.0,0.0,2.0,153.0,141.0,8.0,126.0,18.0,292.0,18.0,341.0,160.0,0.0,2.0,67.0,319.0,49.0,4.0,104.0,6.0,3.0,285.0,68.0,170.0,3.0,7.0,99.0,3.0,158.0,87.0,55.0,88.0,158.0,62.0,24.0,19.0,17.0,2.0,4.0,1.0,0.0,1,2806,37.31,70.49,38.48,60.91,19.9,16.89,91.23,62.79,19.81,11.08,4.63,2.92,0.78,1.18,1.57,8.73,7.2,13.22,11.08,5.35,7.59,2.07,19.57,3.6,1.82,1.5,1.18,1.82,4.31,2.99,1.14,0.07,0.61,0.14,11.44,0.46,0.11,0.68,1.07,14.11,3.64,2.17,2.78,3.21,1.14,3.06,2.0,0.53,1.0,0.43,0.36,0.11,0.18,0.04,0.07,8.77,3.74,1.75,2.35,1.75,0.18,4.81,12.15,1.43,11.87,1.89,6.52,3.74,2.67,0.14,0.0,0.14,0.21,0.11,0.78,0.0,0.0,0.11,0.68,0.0,13.15,4.92,5.49,0.21,0.07,0.18,0.0,0.39,0.14,1.75,0.0,0.0,476.0,4.76,0.16861494863620263,162.0,1.62,0.057385759829968117,177.0,1.77,0.06269925611052073,608.0,6.08,0.21537371590506554,353.0,0.12504427913567126
43,43,Reagan - Speech45 - Edited.txt,21/06/1988,1988-06-21,2447333.5,0.2566026410564225,3332.0,855.0,23.60897435897436,11.0,18.0,137.0,0.0,5.0,194.0,156.0,7.0,163.0,19.0,332.0,32.0,417.0,138.0,14.0,3.0,84.0,367.0,95.0,3.0,114.0,7.0,3.0,336.0,38.0,244.0,0.0,19.0,102.0,7.0,192.0,140.0,86.0,68.0,167.0,58.0,20.0,26.0,22.0,5.0,0.0,0.0,0.0,1,3239,29.18,71.3,48.52,48.08,20.76,13.62,91.63,64.28,19.51,10.84,4.04,3.24,1.14,0.83,1.57,8.68,5.84,14.51,12.2,6.61,8.12,2.53,20.69,3.21,2.19,1.79,1.05,2.9,3.4,2.28,1.08,0.34,0.19,0.15,11.18,0.09,0.09,0.06,0.96,14.48,3.52,1.27,2.13,3.55,2.22,3.37,1.64,0.56,0.77,0.31,0.62,0.22,0.34,0.0,0.06,8.31,3.77,0.68,2.5,1.14,0.49,5.09,12.63,1.67,12.81,2.13,6.95,4.2,2.78,0.22,0.25,1.51,0.12,0.12,0.86,0.0,0.0,0.12,0.65,0.03,15.41,4.72,6.02,0.06,0.15,0.06,0.03,0.19,0.31,3.67,0.0,0.19,579.0,5.79,0.17376950780312125,155.0,1.55,0.04651860744297719,244.0,2.44,0.07322929171668667,711.0,7.11,0.21338535414165666,374.0,0.11224489795918367
44,44,Reagan - Speech46 - Edited.txt,08/12/1988,1988-12-08,2447503.5,0.26599113362887905,3158.0,840.0,24.3006993006993,10.0,12.0,112.0,7.0,7.0,171.0,143.0,7.0,121.0,44.0,335.0,29.0,416.0,150.0,16.0,3.0,49.0,326.0,87.0,1.0,123.0,4.0,5.0,293.0,35.0,213.0,2.0,15.0,109.0,11.0,171.0,115.0,69.0,80.0,147.0,98.0,28.0,16.0,20.0,7.0,1.0,1.0,0.0,1,3110,39.8,78.37,38.17,47.15,21.45,16.17,91.61,62.99,19.29,9.97,2.8,3.09,0.8,1.77,1.51,9.32,6.88,14.44,11.29,6.5,7.2,1.61,19.13,3.44,2.28,1.51,2.03,2.15,3.99,2.51,1.35,0.06,0.48,0.1,11.58,0.03,0.0,0.03,1.96,11.16,2.41,1.38,1.8,2.44,1.61,3.22,1.58,0.35,0.93,0.23,0.29,0.19,0.1,0.0,0.0,9.87,4.08,1.38,3.18,1.16,0.58,5.21,12.64,1.19,14.34,2.38,7.01,5.11,3.34,0.26,0.26,1.7,0.23,0.1,0.93,0.0,0.1,0.26,0.58,0.0,14.34,4.69,5.53,0.06,0.16,0.13,0.0,0.51,0.45,2.57,0.0,0.23,537.0,5.37,0.1700443318556048,169.0,1.69,0.05351488283723876,216.0,2.16,0.06839772007599747,680.0,6.8,0.21532615579480685,328.0,0.103863204559848
