,'',(,),",",.,:,CC,CD,DT,EX,FW,Filename,Fillers,IN,JJ,JJR,JJS,LIVerbs,MD,MLU,NN,NNP,NNPS,NNS,NSNouns,PDT,POS,PRP,PRP$,RB,RBR,RBS,RP,TO,TTR,UH,UniqueStems,UniqueWords,VB,VBD,VBG,VBN,VBP,VBZ,WDT,WP,WP$,WRB,WordCount,``,$,LS,Segment,WC,Analytic,Clout,Authentic,Tone,WPS,Sixltr,Dic,function,pronoun,ppron,i,we,you,shehe,they,ipron,article,prep,auxverb,adverb,conj,negate,verb,adj,compare,interrog,number,quant,affect,posemo,negemo,anx,anger,sad,social,family,friend,female,male,cogproc,insight,cause,discrep,tentat,certain,differ,percept,see,hear,feel,bio,body,health,sexual,ingest,drives,affiliation,achieve,power,reward,risk,focuspast,focuspresent,focusfuture,relativ,motion,space,time,work,leisure,home,money,relig,death,informal,swear,netspeak,assent,nonflu,filler,AllPunc,Period,Comma,Colon,SemiC,QMark,Exclam,Dash,Quote,Apostro,Parenth,OtherP,Author,Approx Age at Composition,Year of Publication,Nouns,Nouns/100,NounsNormalised,Adjectives,Adjectives/100,AdjectivesNormalised,Adverbs,Adverbs/100,AdverbsNormalised,Verbs,Verbs/100,VerbsNormalised,Pronouns,PronounsNormalised,UniqueWordsNormalised,UniqueStemsNormalised
15,1816.0,9.0,9.0,4699.0,7578.0,455.0,3796.0,670.0,10021.0,330.0,18.0,Under The Net.txt,380.0,12172.0,5378.0,203.0,103.0,1872.0,1672.0,15.633643617021276,12736.0,4190.0,23.0,3156.0,316.0,100.0,494.0,11063.0,1937.0,6820.0,174.0,36.0,734.0,2681.0,0.08511223435025463,90.0,5791.0,8975.0,4302.0,9171.0,2019.0,2247.0,1666.0,1246.0,684.0,632.0,22.0,614.0,105449.0,1799.0,0.0,0.0,1,99805,63.26,47.56,65.14,33.23,13.28,14.56,86.91,57.56,17.27,11.35,6.67,0.8,1.0,2.34,0.54,5.9,7.77,14.66,8.38,4.91,6.44,1.64,17.53,4.0,2.16,1.92,1.18,1.9,3.8,2.09,1.66,0.44,0.33,0.4,8.83,0.06,0.15,1.14,1.69,10.93,2.37,1.01,1.78,2.74,1.54,2.89,4.65,1.84,1.85,0.87,1.98,1.14,0.43,0.05,0.38,5.08,1.31,0.81,1.88,0.96,0.51,8.97,6.26,1.12,15.52,2.27,8.59,4.99,1.13,0.76,0.76,0.48,0.16,0.07,0.43,0.04,0.04,0.13,0.21,0.03,18.73,6.78,4.71,0.08,0.33,0.59,0.29,0.52,3.61,1.79,0.02,0.02,Iris Murdoch,35,1954,20105.0,201.05,0.19066088820187957,5684.0,56.84,0.05390283454560973,7030.0,70.3,0.06666729888382061,20651.0,206.51,0.195838746692714,13000.0,0.12328234501986743,0.08511223435025463,0.05491754307769633
19,2589.0,3.0,3.0,6226.0,8582.0,425.0,3756.0,915.0,10047.0,270.0,17.0,The Flight From The Enchanter.txt,406.0,12642.0,5918.0,200.0,94.0,1758.0,1512.0,14.715137346580947,14295.0,6224.0,21.0,3379.0,255.0,99.0,1134.0,9267.0,2843.0,7495.0,138.0,27.0,749.0,2972.0,0.0845841108436776,69.0,5599.0,9383.0,4115.0,10359.0,2230.0,2707.0,1655.0,1001.0,758.0,621.0,44.0,471.0,110931.0,15.0,0.0,1.0,1,106788,70.14,82.56,12.12,22.46,12.43,16.77,85.37,54.82,15.49,10.22,1.34,0.37,0.99,6.82,0.69,5.27,7.54,14.62,7.94,4.65,6.01,1.62,17.65,3.96,1.99,1.85,1.0,1.56,4.36,2.04,2.26,0.52,0.41,0.83,13.59,0.27,0.13,4.33,3.28,10.05,2.39,0.96,1.64,2.3,1.41,2.59,5.32,2.15,2.05,1.05,2.41,1.59,0.41,0.07,0.34,4.73,1.08,0.78,2.14,0.75,0.37,9.41,6.03,1.06,16.13,2.59,8.65,5.25,1.16,0.51,0.87,0.33,0.17,0.13,0.43,0.03,0.02,0.16,0.22,0.01,20.83,7.08,5.83,0.04,0.2,0.56,0.47,0.73,0.03,5.88,0.01,0.0,Iris Murdoch,36,1955,23919.0,239.19,0.21562052086432107,6212.0,62.12,0.05599877401267454,7660.0,76.6,0.06905193318369077,22067.0,220.67,0.19892545816768983,12110.0,0.109166959641579,0.0845841108436776,0.05047281643544185
13,1451.0,6.0,6.0,6536.0,7900.0,452.0,4392.0,695.0,11934.0,300.0,5.0,The Bell.txt,483.0,14007.0,7286.0,264.0,119.0,1980.0,1789.0,16.898690733443498,16454.0,5544.0,5.0,3276.0,324.0,108.0,893.0,9055.0,2737.0,8197.0,219.0,38.0,699.0,3436.0,0.08351110659623459,48.0,5949.0,9865.0,4573.0,10632.0,2563.0,3203.0,1280.0,900.0,734.0,612.0,35.0,549.0,118128.0,10.0,0.0,0.0,1,115245,77.27,79.08,13.34,38.78,14.63,17.22,85.31,54.89,13.95,8.92,0.93,0.43,0.68,6.22,0.66,5.02,8.68,15.0,7.93,4.77,6.05,1.45,16.55,4.52,2.09,1.66,0.89,1.66,4.82,2.73,2.0,0.61,0.32,0.47,11.95,0.21,0.14,2.66,4.2,10.56,2.62,0.99,1.76,2.55,1.43,2.56,4.68,1.97,1.49,1.04,2.09,1.17,0.35,0.07,0.45,5.23,1.22,0.85,2.11,0.93,0.49,9.0,5.34,1.03,16.2,2.66,8.8,5.18,0.89,0.57,0.68,0.24,0.56,0.12,0.39,0.03,0.01,0.13,0.2,0.02,17.05,6.35,5.67,0.1,0.24,0.35,0.16,0.47,0.02,3.68,0.01,0.0,Iris Murdoch,39,1958,25279.0,252.79,0.21399668156575918,7669.0,76.69,0.06492110253284572,8454.0,84.54,0.07156643640796424,23151.0,231.51,0.19598232425843154,11792.0,0.09982391981579304,0.08351110659623459,0.050360625761885415
18,1817.0,4.0,4.0,4481.0,5887.0,283.0,2820.0,482.0,6109.0,182.0,7.0,A Severed Head.txt,363.0,8447.0,4669.0,158.0,97.0,1567.0,1338.0,14.91175468483816,9333.0,2500.0,4.0,1800.0,226.0,70.0,684.0,9088.0,2077.0,5781.0,135.0,15.0,434.0,2017.0,0.09897949850387425,61.0,4714.0,7575.0,3243.0,6688.0,1489.0,1860.0,1588.0,760.0,452.0,305.0,19.0,337.0,76531.0,7.0,0.0,0.0,1,74052,48.5,53.2,56.8,41.62,12.62,16.45,88.06,57.93,18.92,13.9,7.38,0.73,1.89,3.51,0.39,5.02,6.25,13.8,8.83,5.23,6.53,2.02,18.03,4.51,2.18,1.57,0.8,1.82,5.55,3.18,2.31,0.6,0.45,0.57,10.77,0.35,0.19,2.96,0.99,11.69,2.72,0.95,2.02,2.75,1.76,3.14,5.43,2.03,1.92,1.3,2.63,1.4,0.52,0.1,0.42,5.2,1.74,0.91,1.81,0.97,0.38,8.76,6.79,1.12,14.31,2.21,7.75,4.74,0.71,0.54,0.73,0.25,0.24,0.16,0.59,0.05,0.0,0.22,0.29,0.04,20.91,7.19,6.05,0.1,0.23,0.56,0.21,0.55,0.02,5.98,0.01,0.0,Iris Murdoch,42,1961,13637.0,136.37,0.17818923050789875,4924.0,49.24,0.0643399406776339,5931.0,59.31,0.07749800734342946,15628.0,156.28,0.20420483202885106,11165.0,0.14588859416445624,0.09897949850387425,0.06159595458049679
8,2412.0,11.0,11.0,7182.0,8829.0,626.0,4053.0,695.0,9267.0,322.0,19.0,An Unofficial Rose.txt,522.0,12767.0,7013.0,237.0,112.0,2196.0,2047.0,14.960168430636166,14199.0,5427.0,6.0,2865.0,345.0,102.0,1216.0,11563.0,3017.0,8940.0,196.0,33.0,638.0,2860.0,0.0866064106367015,123.0,5879.0,9927.0,4643.0,10211.0,2118.0,3151.0,1778.0,1019.0,630.0,522.0,22.0,552.0,114622.0,20.0,0.0,1.0,1,110349,54.8,80.82,6.5,36.67,12.57,17.09,85.96,56.37,16.9,11.92,1.81,0.23,1.36,7.97,0.55,4.96,6.57,13.84,9.09,5.38,6.25,2.05,17.82,4.44,2.17,1.61,0.73,1.76,5.43,2.99,2.37,0.62,0.44,0.64,14.22,0.42,0.18,3.78,4.77,12.1,2.84,1.02,2.13,2.92,1.72,3.18,4.83,1.98,1.6,1.08,2.24,1.09,0.39,0.16,0.4,4.69,1.19,0.7,1.78,0.96,0.46,9.14,6.19,1.15,14.18,2.27,7.23,5.11,0.72,0.47,0.65,0.29,0.29,0.21,0.62,0.05,0.01,0.25,0.33,0.03,21.9,7.03,6.51,0.11,0.24,0.71,0.27,0.9,0.05,6.06,0.02,0.0,Iris Murdoch,43,1962,22497.0,224.97,0.19627122192947252,7362.0,73.62,0.06422850761633893,9169.0,91.69,0.07999336951021618,22920.0,229.2,0.1999616129538832,14580.0,0.1272007119052189,0.0866064106367015,0.0512903282092443
2,1667.0,11.0,11.0,5320.0,7891.0,533.0,3556.0,618.0,8549.0,375.0,14.0,The Unicorn.txt,311.0,10380.0,6240.0,182.0,79.0,1945.0,1660.0,13.901891102931843,12254.0,3785.0,15.0,2480.0,270.0,77.0,861.0,9166.0,2191.0,7565.0,157.0,20.0,591.0,2420.0,0.08734122870396549,89.0,5060.0,8341.0,3988.0,8061.0,2003.0,2672.0,1630.0,1036.0,445.0,494.0,12.0,422.0,95499.0,12.0,1.0,0.0,1,92708,60.33,77.91,15.04,27.01,11.78,15.34,86.65,56.39,15.75,11.02,1.74,0.4,1.26,6.93,0.69,4.72,7.36,13.81,9.18,5.43,6.2,1.9,17.96,4.56,2.04,1.54,0.83,1.75,4.9,2.45,2.37,0.68,0.4,0.69,12.73,0.14,0.1,3.84,3.65,11.33,2.67,0.86,1.89,2.97,1.56,3.03,4.88,2.41,1.23,1.11,2.15,1.24,0.43,0.06,0.29,4.82,1.18,0.69,1.94,0.91,0.43,8.72,6.81,1.26,16.18,2.92,8.38,5.41,0.57,0.64,0.9,0.16,0.28,0.18,0.54,0.04,0.02,0.23,0.24,0.04,20.92,7.61,5.74,0.07,0.17,0.72,0.18,1.16,0.03,5.21,0.02,0.0,Iris Murdoch,44,1963,18534.0,185.34,0.19407533063173438,6501.0,65.01,0.06807401124619106,7742.0,77.42,0.08106891171635305,19390.0,193.9,0.20303877527513378,11357.0,0.11892271123257835,0.08734122870396549,0.052984848008879676
11,1031.0,0.0,0.0,2708.0,4277.0,330.0,1726.0,377.0,4432.0,143.0,2.0,The Italian Girl.txt,183.0,5266.0,3247.0,101.0,34.0,977.0,942.0,13.370344342937456,6511.0,1419.0,3.0,1295.0,132.0,49.0,537.0,5755.0,1254.0,3720.0,90.0,9.0,276.0,1067.0,0.12241157038111353,98.0,4032.0,6077.0,2008.0,4024.0,888.0,1211.0,1077.0,525.0,223.0,196.0,6.0,208.0,49644.0,12.0,0.0,1.0,1,47759,53.11,54.6,46.71,21.77,11.2,13.88,87.57,57.28,18.15,13.48,6.64,0.62,1.74,4.12,0.36,4.65,7.27,13.16,9.09,5.19,5.88,1.98,17.48,4.47,2.12,1.36,0.8,1.69,5.14,2.41,2.67,0.63,0.53,0.71,10.44,0.47,0.06,2.97,1.95,11.37,2.64,0.91,1.99,2.77,1.64,2.96,5.09,2.25,1.26,1.35,2.72,1.6,0.55,0.1,0.43,4.65,1.22,0.64,1.98,0.76,0.46,8.25,7.12,1.17,14.38,2.41,7.82,4.53,0.57,0.52,0.83,0.23,0.35,0.27,0.82,0.06,0.01,0.37,0.39,0.03,22.68,7.86,5.67,0.09,0.07,0.84,0.26,1.51,0.05,6.32,0.0,0.0,Iris Murdoch,45,1964,9228.0,92.28,0.18588349045201838,3382.0,33.82,0.0681250503585529,3819.0,38.19,0.07692772540488277,9733.0,97.33,0.1960559181371364,7009.0,0.14118523890097495,0.12241157038111353,0.08121827411167512
0,2010.0,2.0,2.0,3936.0,7290.0,340.0,2672.0,258.0,7371.0,299.0,5.0,The Time Of The Angels.txt,370.0,8719.0,5200.0,167.0,67.0,1600.0,1454.0,13.32810133553628,10839.0,3738.0,12.0,2035.0,272.0,84.0,442.0,8307.0,2247.0,6442.0,129.0,17.0,410.0,2039.0,0.09157551916140404,227.0,5031.0,7845.0,3432.0,6716.0,1493.0,2456.0,1694.0,1114.0,469.0,467.0,21.0,390.0,85667.0,1790.0,0.0,0.0,1,79854,54.72,77.98,8.97,30.26,10.99,15.71,86.48,56.37,16.8,11.41,2.19,0.28,1.6,6.77,0.57,5.38,7.25,13.22,9.78,5.52,5.52,2.15,18.02,4.47,2.01,1.63,0.69,1.77,5.17,2.68,2.41,0.62,0.41,0.68,13.18,0.49,0.13,3.95,3.6,11.87,2.78,1.0,2.06,2.8,1.82,2.96,4.66,2.01,1.27,1.26,2.28,1.25,0.5,0.08,0.31,4.74,1.13,0.72,1.85,0.89,0.5,8.58,7.06,1.1,13.84,2.13,7.61,4.42,0.89,0.42,0.76,0.29,0.54,0.16,0.7,0.04,0.03,0.23,0.37,0.03,22.32,8.03,4.93,0.01,0.03,0.96,0.16,1.04,4.74,2.42,0.01,0.0,Iris Murdoch,47,1966,16624.0,166.24,0.19405371963533216,5434.0,54.34,0.06343165979898911,6588.0,65.88,0.0769024245041848,16905.0,169.05,0.19733386251415364,10554.0,0.12319796421025599,0.09157551916140404,0.05872739794786791
1,3214.0,22.0,22.0,7410.0,10243.0,588.0,4165.0,544.0,10974.0,410.0,11.0,The Nice And The Good.txt,540.0,13225.0,7939.0,220.0,147.0,2753.0,2319.0,14.540940254652302,15975.0,6113.0,7.0,3122.0,481.0,107.0,801.0,12956.0,2736.0,9821.0,204.0,32.0,789.0,3262.0,0.0738920016488298,364.0,6170.0,9680.0,5758.0,9555.0,2550.0,3166.0,2934.0,1764.0,679.0,760.0,24.0,631.0,131002.0,2900.0,0.0,0.0,1,121092,54.78,74.69,17.54,36.06,11.82,16.11,85.99,55.96,16.78,11.31,2.92,0.42,1.77,5.66,0.55,5.46,6.93,13.46,9.59,5.42,5.65,2.22,18.33,4.34,1.88,1.72,0.78,1.74,5.08,2.81,2.22,0.52,0.47,0.55,12.74,0.23,0.19,2.24,4.21,12.2,3.06,1.07,1.91,2.99,1.69,3.07,4.66,1.9,1.27,1.28,2.43,1.29,0.46,0.1,0.39,4.96,1.24,0.64,2.15,0.81,0.43,7.97,7.74,1.21,13.93,2.35,7.71,4.31,0.83,0.55,0.64,0.24,0.3,0.25,0.75,0.08,0.02,0.24,0.37,0.03,23.81,7.38,6.12,0.03,0.03,0.94,0.23,1.12,5.01,2.9,0.04,0.0,Iris Murdoch,49,1968,25217.0,252.17,0.19249324437794843,8306.0,83.06,0.063403612158593,10057.0,100.57,0.0767698203080869,25727.0,257.27,0.19638631471275247,15692.0,0.11978443077204928,0.0738920016488298,0.04709851757988428
17,2206.0,4.0,4.0,4831.0,8248.0,395.0,3195.0,714.0,8400.0,300.0,8.0,Bruno's Dream.txt,375.0,10042.0,5776.0,210.0,72.0,1932.0,1895.0,13.497694174757282,12860.0,4022.0,15.0,3007.0,325.0,106.0,1270.0,9422.0,2221.0,7429.0,163.0,17.0,618.0,2433.0,0.09325273816904318,108.0,5346.0,9025.0,4398.0,7500.0,2192.0,2641.0,1828.0,1237.0,480.0,444.0,14.0,492.0,96780.0,4.0,0.0,0.0,1,93062,56.74,76.14,16.31,30.39,11.27,15.01,87.13,55.68,16.22,11.12,2.27,0.25,1.74,6.27,0.59,5.08,7.21,13.29,9.67,5.36,5.55,2.28,18.4,4.3,1.9,1.6,0.84,1.68,5.18,2.7,2.42,0.5,0.51,0.65,12.75,0.41,0.1,2.71,4.24,11.47,2.63,0.94,2.06,2.69,1.63,2.99,4.41,2.03,0.99,1.26,2.84,1.49,0.61,0.09,0.37,5.02,1.31,0.81,1.96,0.86,0.42,8.2,7.19,1.36,15.55,2.41,8.57,4.98,0.91,0.64,1.04,0.28,0.35,0.31,0.66,0.09,0.01,0.19,0.32,0.04,22.38,7.91,5.19,0.04,0.02,0.78,0.23,1.01,0.01,7.19,0.01,0.0,Iris Murdoch,50,1969,19904.0,199.04,0.20566232692705105,6058.0,60.58,0.06259557759867741,7609.0,76.09,0.07862161603637115,19796.0,197.96,0.2045463938830337,11643.0,0.12030378177309362,0.09325273816904318,0.05523868567885927
6,4708.0,6.0,6.0,7234.0,14863.0,964.0,5113.0,1248.0,11859.0,513.0,18.0,A Fairly Honourable Defeat.txt,703.0,14142.0,9376.0,357.0,165.0,3889.0,3413.0,11.949726702206627,18168.0,7050.0,16.0,4674.0,532.0,159.0,2340.0,16249.0,2972.0,12187.0,238.0,38.0,927.0,3709.0,0.07648626647760097,294.0,6391.0,11651.0,7859.0,10248.0,3081.0,3369.0,4793.0,2530.0,563.0,708.0,17.0,834.0,152328.0,71.0,0.0,4.0,1,143552,41.75,73.76,23.21,38.46,9.71,14.78,86.87,55.56,17.5,12.12,3.67,0.51,2.75,4.56,0.63,5.37,5.97,12.24,10.38,5.7,5.87,2.62,19.71,4.42,1.76,1.58,0.7,2.13,5.94,3.28,2.57,0.61,0.5,0.63,12.91,0.34,0.27,2.06,2.98,12.98,2.93,1.08,2.26,3.07,1.97,3.42,4.44,1.84,1.32,1.13,2.69,1.21,0.6,0.11,0.54,5.15,1.58,0.73,1.82,0.95,0.47,7.24,9.49,1.38,13.4,2.14,7.16,4.43,0.96,0.66,0.76,0.3,0.27,0.1,0.92,0.1,0.01,0.33,0.44,0.04,27.43,8.78,5.04,0.03,0.0,1.16,0.42,1.72,0.11,10.15,0.01,0.0,Iris Murdoch,51,1970,29908.0,299.08,0.19633947796859408,9898.0,98.98,0.06497820492621185,12463.0,124.63,0.08181686886192951,31880.0,318.8,0.20928522661624915,19221.0,0.1261816606270679,0.07648626647760097,0.04195551704217215
7,3656.0,150.0,150.0,7937.0,11810.0,1331.0,4972.0,1051.0,11299.0,425.0,14.0,The Black Prince.txt,678.0,14122.0,8852.0,312.0,173.0,3378.0,3245.0,13.86457361052185,18046.0,3572.0,15.0,3805.0,491.0,154.0,2033.0,16509.0,3227.0,11318.0,211.0,55.0,748.0,3234.0,0.08104287844628356,261.0,6547.0,11467.0,6977.0,8790.0,2982.0,3030.0,4280.0,2504.0,575.0,716.0,9.0,801.0,141493.0,42.0,0.0,1.0,1,133869,39.98,55.59,53.35,34.27,11.35,15.23,88.87,57.53,18.76,13.44,6.81,0.74,2.37,3.12,0.4,5.31,6.19,12.75,10.18,5.76,6.27,2.46,19.1,4.36,2.0,1.68,0.7,1.94,5.91,3.16,2.67,0.58,0.65,0.67,10.97,0.33,0.23,2.36,1.38,12.53,2.76,1.15,1.98,2.96,1.84,3.33,4.34,1.72,1.32,1.14,2.43,1.19,0.55,0.1,0.36,5.4,1.77,0.72,1.84,0.97,0.46,6.93,9.41,1.51,13.71,2.21,7.14,4.7,1.06,0.69,0.66,0.3,0.58,0.21,0.85,0.07,0.01,0.27,0.44,0.05,26.14,7.64,5.93,0.08,0.02,0.95,0.26,2.2,0.08,8.75,0.22,0.0,Iris Murdoch,54,1973,25438.0,254.38,0.17978274543616998,9337.0,93.37,0.06598913020432107,11584.0,115.84,0.08186977447647587,28563.0,285.63,0.20186864367848587,19736.0,0.13948393206731075,0.08104287844628356,0.04627084025358145
10,2932.0,169.0,169.0,8153.0,11402.0,1084.0,4785.0,802.0,10940.0,369.0,31.0,The Sacred And Profane Love Machine.txt,750.0,14271.0,8973.0,317.0,189.0,3195.0,2994.0,14.32958340657409,17675.0,5863.0,4.0,3689.0,385.0,175.0,1836.0,14495.0,3409.0,11853.0,245.0,26.0,777.0,3703.0,0.08155450718229706,214.0,6725.0,11565.0,6937.0,10019.0,2965.0,3863.0,3567.0,1815.0,659.0,783.0,21.0,832.0,141807.0,37.0,0.0,0.0,1,135194,44.58,76.85,13.21,33.28,11.87,15.51,87.1,56.42,17.23,12.24,3.01,0.32,2.18,6.14,0.58,4.98,5.97,13.05,10.06,5.91,6.25,2.44,18.76,4.5,2.09,1.75,0.64,1.97,5.98,3.17,2.73,0.59,0.6,0.74,13.61,0.42,0.21,2.73,4.17,12.69,2.83,1.21,2.19,2.74,2.04,3.22,4.12,1.73,1.21,1.02,2.35,1.05,0.6,0.08,0.41,5.03,1.38,0.77,2.0,0.85,0.5,7.96,8.25,1.27,13.57,2.12,6.86,4.85,1.03,0.59,0.73,0.26,0.4,0.27,0.75,0.1,0.03,0.25,0.33,0.05,24.56,7.38,6.03,0.05,0.04,0.89,0.2,2.39,0.06,7.27,0.25,0.0,Iris Murdoch,55,1974,27231.0,272.31,0.19202860225517782,9479.0,94.79,0.06684437298581876,12124.0,121.24,0.0854964846587263,29166.0,291.66,0.2056739089043559,17904.0,0.12625610865472087,0.08155450718229706,0.04742361096419782
14,3620.0,59.0,59.0,9258.0,12427.0,2100.0,5229.0,1061.0,12294.0,497.0,15.0,Henry And Cato.txt,701.0,14232.0,9105.0,268.0,126.0,3761.0,3355.0,14.108400646203554,18886.0,6324.0,14.0,3921.0,440.0,169.0,2016.0,16112.0,3279.0,11748.0,196.0,38.0,888.0,3577.0,0.07509602987891596,228.0,6379.0,11300.0,7344.0,10699.0,3227.0,3650.0,4301.0,2023.0,655.0,762.0,16.0,844.0,150474.0,38.0,0.0,2.0,1,141519,42.57,73.4,21.39,38.69,11.47,14.5,87.88,56.61,17.49,12.5,3.66,0.34,2.6,5.43,0.47,4.97,6.67,12.33,10.44,5.7,6.2,2.74,19.76,4.49,1.78,1.68,0.67,1.66,5.54,3.1,2.38,0.51,0.59,0.62,13.1,0.54,0.22,1.87,4.47,12.25,2.72,1.13,2.17,2.72,1.9,3.27,4.52,2.03,1.08,1.26,2.43,1.22,0.57,0.12,0.37,5.33,1.3,0.79,2.17,1.01,0.47,7.78,9.01,1.58,14.2,2.4,7.33,4.83,1.05,0.6,0.84,0.42,0.62,0.2,0.85,0.12,0.04,0.27,0.4,0.04,27.64,7.54,6.54,0.05,0.05,1.06,0.21,2.98,0.06,9.06,0.08,0.0,Iris Murdoch,57,1976,29145.0,291.45,0.19368794609035447,9499.0,94.99,0.06312718476281617,11982.0,119.82,0.07962837433709478,31244.0,312.44,0.20763719978202214,19391.0,0.12886611640549198,0.07509602987891596,0.042392705716602204
9,3351.0,313.0,313.0,12531.0,14950.0,1422.0,8071.0,1234.0,17496.0,653.0,21.0,The Sea The Sea.txt,1008.0,21356.0,13029.0,444.0,205.0,4605.0,3962.0,15.910438749496848,26427.0,5899.0,16.0,5523.0,575.0,221.0,1930.0,23510.0,4656.0,16498.0,310.0,74.0,1196.0,5423.0,0.06430654934958216,278.0,7503.0,13382.0,9823.0,15092.0,4216.0,4874.0,5094.0,3051.0,1077.0,1051.0,18.0,1506.0,208097.0,44.0,0.0,3.0,1,200062,44.11,49.85,57.01,29.77,13.55,15.36,88.6,58.1,17.96,12.69,6.66,0.6,1.81,3.14,0.47,5.25,6.6,12.95,9.6,5.95,6.86,2.22,18.3,4.42,2.0,1.84,0.67,1.84,5.5,2.83,2.59,0.62,0.67,0.62,9.92,0.42,0.17,2.0,1.75,12.69,2.78,1.28,2.1,3.03,1.79,3.42,4.0,1.87,1.06,0.95,2.35,0.93,0.52,0.07,0.62,5.15,1.57,0.79,1.84,0.81,0.52,7.92,7.98,1.32,14.44,2.45,7.28,5.05,0.91,0.96,0.74,0.24,0.35,0.26,0.66,0.07,0.01,0.25,0.3,0.03,21.11,6.34,6.26,0.09,0.12,0.9,0.24,1.32,0.04,5.49,0.31,0.0,Iris Murdoch,59,1978,37865.0,378.65,0.18195841362441553,13678.0,136.78,0.0657289629355541,16882.0,168.82,0.0811256289134394,42150.0,421.5,0.20254977246188074,28166.0,0.13535034142731514,0.06430654934958216,0.036055301133605965
5,5595.0,568.0,569.0,14880.0,16965.0,1679.0,8073.0,1507.0,18988.0,602.0,34.0,The Philosopher's Pupil.txt,958.0,23750.0,14543.0,421.0,225.0,4536.0,3838.0,15.600496865018338,28611.0,13744.0,47.0,6750.0,655.0,207.0,3410.0,19808.0,4896.0,16445.0,369.0,71.0,1393.0,5666.0,0.06824873961327753,227.0,8489.0,15622.0,9514.0,17755.0,4625.0,6301.0,4536.0,2925.0,1448.0,1306.0,61.0,1331.0,228898.0,57.0,0.0,2.0,1,218373,58.02,76.16,16.56,28.6,13.08,16.55,85.36,54.39,15.45,10.35,2.14,0.43,1.57,5.65,0.56,5.09,6.81,13.28,9.15,5.07,6.27,2.26,17.78,4.65,2.1,2.01,0.71,1.59,5.4,2.75,2.58,0.53,0.63,0.65,12.75,0.49,0.15,2.37,4.11,11.67,2.71,1.17,1.8,2.65,1.57,3.17,4.3,1.83,1.3,1.03,2.17,1.07,0.5,0.1,0.4,5.11,1.36,0.76,2.06,0.83,0.5,8.25,7.16,1.17,14.61,2.47,7.78,4.67,1.06,0.98,0.99,0.26,0.54,0.25,0.65,0.07,0.01,0.22,0.32,0.03,24.62,6.56,6.81,0.05,0.11,0.97,0.25,1.73,0.06,7.56,0.52,0.0,Iris Murdoch,64,1983,49152.0,491.52,0.2147331999405849,15189.0,151.89,0.06635706734003792,16885.0,168.85,0.07376648114007113,45656.0,456.56,0.19946002149429004,24704.0,0.10792580101180438,0.06824873961327753,0.03708638782339732
3,5085.0,117.0,117.0,15274.0,15456.0,2219.0,7159.0,1316.0,16843.0,597.0,30.0,The Good Apprentice.txt,988.0,20398.0,12709.0,402.0,163.0,4780.0,4307.0,15.78132901134522,26135.0,8618.0,6.0,6155.0,780.0,213.0,2920.0,21870.0,4672.0,16085.0,296.0,47.0,1373.0,5138.0,0.0632791076766611,230.0,7255.0,13315.0,10013.0,15587.0,4635.0,5075.0,5154.0,3384.0,1094.0,1147.0,36.0,1286.0,210417.0,63.0,0.0,3.0,1,198364,45.96,79.86,16.25,27.45,12.94,14.95,87.17,56.33,17.52,12.09,2.71,0.59,2.24,5.92,0.63,5.41,6.45,12.95,10.11,5.49,6.19,2.45,19.59,4.4,1.96,1.85,0.63,1.69,5.24,2.64,2.54,0.51,0.57,0.71,13.94,0.52,0.14,2.0,4.85,12.28,2.77,1.16,2.04,2.95,1.73,3.19,4.58,2.04,1.37,1.05,2.44,1.1,0.64,0.11,0.4,5.17,1.5,0.75,2.02,0.82,0.49,8.03,8.68,1.51,14.39,2.5,7.72,4.58,0.9,0.59,0.78,0.22,0.39,0.35,0.66,0.06,0.01,0.24,0.3,0.05,26.46,6.55,7.7,0.04,0.08,0.97,0.28,2.26,0.07,8.4,0.12,0.0,Iris Murdoch,66,1985,40914.0,409.14,0.19444246424956158,13274.0,132.74,0.06308425650018772,16428.0,164.28,0.07807353968548168,43848.0,438.48,0.20838620453670567,26542.0,0.12613999819406227,0.0632791076766611,0.03447915330035121
4,4592.0,203.0,203.0,17498.0,15026.0,1604.0,8368.0,1194.0,18069.0,536.0,26.0,The Book And The Brotherhood.txt,1045.0,22983.0,14189.0,458.0,217.0,4909.0,4538.0,17.43752500333378,28472.0,10430.0,16.0,6443.0,732.0,241.0,3024.0,21004.0,5151.0,17552.0,392.0,49.0,1315.0,5959.0,0.06275841441314636,252.0,7850.0,14268.0,10654.0,17829.0,4827.0,6714.0,4549.0,2748.0,1332.0,1398.0,47.0,1351.0,227348.0,70.0,1.0,4.0,1,216128,49.11,77.52,13.21,29.63,14.46,16.56,86.55,55.65,16.29,10.91,2.14,0.54,1.57,5.9,0.77,5.36,6.27,13.1,10.11,5.53,6.44,2.27,19.03,4.71,2.07,1.96,0.59,1.84,5.45,2.81,2.58,0.55,0.63,0.7,13.28,0.37,0.23,2.72,3.71,12.52,2.8,1.13,2.12,2.96,1.75,3.36,4.26,1.86,1.25,1.03,2.35,1.01,0.58,0.08,0.52,5.33,1.63,0.78,1.98,0.88,0.46,8.71,7.56,1.35,14.02,2.32,7.21,4.84,1.27,0.88,0.69,0.35,0.42,0.33,0.59,0.05,0.01,0.22,0.28,0.04,23.98,5.81,8.1,0.02,0.08,0.76,0.39,1.57,0.07,6.99,0.19,0.0,Iris Murdoch,68,1987,45361.0,453.61,0.19952231820820945,14864.0,148.64,0.0653799461618312,17993.0,179.93,0.07914298784242658,47321.0,473.21,0.20814346288509245,26155.0,0.11504389746116087,0.06275841441314636,0.03452856413955698
12,4553.0,193.0,193.0,15847.0,14981.0,1904.0,6602.0,1240.0,15730.0,521.0,46.0,The Green Knight.txt,862.0,18851.0,11932.0,344.0,141.0,4907.0,4067.0,15.708372404554588,24684.0,9160.0,22.0,5513.0,580.0,222.0,2216.0,20959.0,4856.0,15180.0,299.0,33.0,1409.0,5118.0,0.0627553448891357,375.0,6951.0,12657.0,9986.0,14810.0,4897.0,5414.0,5382.0,3269.0,918.0,1295.0,22.0,1275.0,201688.0,67.0,0.0,0.0,1,191945,45.73,79.19,19.54,32.15,12.84,15.53,87.0,56.16,17.51,12.34,3.07,0.63,2.04,5.91,0.69,5.14,6.17,12.62,10.11,5.47,6.03,2.13,19.51,4.27,1.8,1.91,0.59,1.71,5.44,2.88,2.51,0.52,0.58,0.69,13.76,0.32,0.22,2.06,4.49,11.66,2.72,1.1,1.91,2.69,1.7,3.04,4.29,1.78,1.45,0.96,2.39,1.18,0.55,0.07,0.44,5.21,1.59,0.73,2.02,0.8,0.4,7.8,8.73,1.59,14.84,2.7,7.91,4.71,0.94,0.72,0.93,0.28,0.46,0.29,0.81,0.05,0.01,0.3,0.4,0.05,26.57,6.42,8.26,0.04,0.03,0.96,0.44,2.88,0.08,7.26,0.2,0.01,Iris Murdoch,74,1993,39379.0,393.79,0.1952471143548451,12417.0,124.17,0.061565388124231485,15512.0,155.12,0.07691087223830867,43758.0,437.58,0.2169588671611598,25815.0,0.12799472452500893,0.0627553448891357,0.03446412280353814
16,1588.0,91.0,90.0,7870.0,6427.0,1342.0,3240.0,507.0,7284.0,223.0,7.0,Jackson's Dilemma.txt,485.0,8640.0,5100.0,168.0,72.0,1973.0,1811.0,16.84328125,10680.0,5129.0,17.0,2404.0,239.0,104.0,1096.0,9509.0,1999.0,7970.0,153.0,14.0,792.0,2295.0,0.08037293039704227,220.0,4494.0,7500.0,3878.0,8038.0,2394.0,2403.0,1695.0,960.0,316.0,569.0,9.0,679.0,93315.0,10.0,2.0,2.0,1,88582,48.86,82.12,20.94,33.02,13.83,15.3,87.24,56.16,16.52,12.0,2.29,0.49,1.42,6.93,0.88,4.48,6.27,12.94,9.58,6.27,6.31,1.88,18.97,4.26,1.84,1.84,0.69,1.85,4.99,2.68,2.26,0.46,0.45,0.72,14.41,0.63,0.35,2.1,5.66,10.95,2.32,0.9,1.78,2.69,1.73,2.9,4.03,1.77,1.41,0.8,2.22,1.04,0.4,0.07,0.53,5.36,1.71,0.64,2.08,0.77,0.42,9.09,6.94,1.72,17.35,3.19,8.85,5.96,1.04,0.73,1.15,0.31,0.44,0.27,0.91,0.05,0.01,0.3,0.49,0.06,25.18,5.81,8.88,0.03,0.04,0.89,0.57,3.08,0.02,5.64,0.2,0.0,Iris Murdoch,76,1995,18230.0,182.3,0.19535980281841075,5340.0,53.4,0.0572255264426941,8137.0,81.37,0.08719927128543106,19368.0,193.68,0.20755505545732197,11508.0,0.12332422440122166,0.08037293039704227,0.048159459893907734
